Workbook

Sheet Sheet5
A3: Row Labels | B3: Count of Emp ID | D3: Count of Emp ID
A4: Female | B4: 54 | D4: 100 | H4: Row Labels | I4: Sum of Salary
A5: Male | B5: 46 | H5: Engineering | I5: 1561000
A6: Grand Total | B6: 100 | H6: Finance | I6: 1428500
H7: HR | I7: 1383000
H8: Marketing | I8: 1712000
B9: Row Labels | C9: Count of Emp ID | H9: Sales | I9: 962000
B10: Account Manager | C10: 3 | H10: Grand Total | I10: 7046500
B11: Accountant | C11: 7
B12: Content Writer | C12: 4
B13: Developer | C13: 5 | F13: Row Labels | G13: Count of Emp ID
B14: Finance Manager | C14: 5 | F14: 2015 | G14: 16
B15: Financial Analyst | C15: 7 | F15: 2016 | G15: 8
B16: HR Executive | C16: 9 | F16: 2017 | G16: 8
B17: HR Manager | C17: 9 | F17: 2018 | G17: 9
B18: Marketing Analyst | C18: 14 | F18: 2019 | G18: 12
B19: QA Engineer | C19: 4 | F19: 2020 | G19: 13
B20: Recruiter | C20: 6 | F20: 2021 | G20: 7
B21: Sales Executive | C21: 4 | F21: 2022 | G21: 8
B22: Sales Lead | C22: 8 | F22: 2023 | G22: 9
B23: Senior Developer | C23: 5 | F23: 2024 | G23: 10
B24: SEO Specialist | C24: 8 | F24: Grand Total | G24: 100
B25: Tech Lead | C25: 2
B26: Grand Total | C26: 100
A30: Row Labels | B30: Count of Emp ID | D30: Row Labels | E30: Average of Salary | G30: Row Labels | H30: Count of Emp ID
A31: Excellent | B31: 19 | D31: Engineering | E31: 97562.5 | G31: Bangalore | H31: 16
A32: Good | B32: 40 | D32: Finance | E32: 75184.211 | G32: Chennai | H32: 17
A33: Average | B33: 29 | D33: HR | E33: 57625 | G33: Delhi | H33: 19
A34: Poor | B34: 12 | D34: Marketing | E34: 65846.154 | G34: Hyderabad | H34: 16
A35: Grand Total | B35: 100 | D35: Sales | E35: 64133.333 | G35: Mumbai | H35: 19
D36: Grand Total | E36: 70465 | G36: Pune | H36: 13
G37: Grand Total | H37: 100
D42: Row Labels | E42: Sum of Salary
D43: Engineering | E43: 1561000
D44: Finance | E44: 1428500
D45: HR | E45: 1383000
D46: Marketing | E46: 1712000
D47: Sales | E47: 962000
D48: Grand Total | E48: 7046500

Sheet Employees
A1: Emp ID | B1: First Name | C1: Last Name | D1: Gender | E1: Department | F1: Job Title | G1: Hire Date | H1: Salary | I1: Bonus | J1: Performance Rating | K1: City | L1: Status | M1: Phone | N1: full name | O1: salary and bonus | P1: EXPERIENCE | Q1: RATING
A2: E1001 | B2: Ananya | C2: Khan | D2: Female | E2: HR | F2: HR Executive | G2: 42202 | H2: 77500 | I2: 0 | J2: Average | K2: Bangalore | L2: Active | M2: 9644854973 | N2: =B2&" "&C2 -> Ananya Khan | O2: =H2+I2 -> 77500 | P2: =DATEDIF(G2,TODAY(),"Y") -> 11 | Q2: =IF(H2>=100000,"A",IF(H2>=60000,"B","C")) -> B
A3: E1002 | B3: Divya | C3: Mehta | D3: Female | E3: Engineering | F3: Developer | G3: 42376 | H3: 91500 | I3: 9200 | J3: Good | K3: Chennai | L3: Active | M3: no phone | N3: =B3&" "&C3 -> Divya Mehta | O3: =H3+I3 -> 100700 | P3: =DATEDIF(G3,TODAY(),"Y") -> 10 | Q3: =IF(H3>=100000,"A",IF(H3>=60000,"B","C")) -> B
A4: E1003 | B4: Priya | C4: Das | D4: Female | E4: Sales | F4: Sales Lead | G4: 44285 | H4: 43000 | I4: 0 | J4: Good | K4: Hyderabad | L4: Active | M4: no phone | N4: =B4&" "&C4 -> Priya Das | O4: =H4+I4 -> 43000 | P4: =DATEDIF(G4,TODAY(),"Y") -> 5 | Q4: =IF(H4>=100000,"A",IF(H4>=60000,"B","C")) -> C | S4: TOTAL EMPLOYEE
A5: E1004 | B5: Rahul | C5: Patel | D5: Male | E5: Finance | F5: Finance Manager | G5: 44621 | H5: 82500 | I5: 0 | J5: Good | K5: Mumbai | L5: Active | M5: no phone | N5: =B5&" "&C5 -> Rahul Patel | O5: =H5+I5 -> 82500 | P5: =DATEDIF(G5,TODAY(),"Y") -> 4 | Q5: =IF(H5>=100000,"A",IF(H5>=60000,"B","C")) -> B | S5: =COUNTA(Employees!A2:A101) -> 100
A6: E1005 | B6: Emma | C6: Nair | D6: Female | E6: Finance | F6: Finance Manager | G6: 45188 | H6: 73000 | I6: 0 | J6: Good | K6: Mumbai | L6: Resigned | M6: 9366746013 | N6: =B6&" "&C6 -> Emma Nair | O6: =H6+I6 -> 73000 | P6: =DATEDIF(G6,TODAY(),"Y") -> 3 | Q6: =IF(H6>=100000,"A",IF(H6>=60000,"B","C")) -> B | S6: ACTIVE
A7: E1006 | B7: Nikhil | C7: Davis | D7: Male | E7: Marketing | F7: Marketing Analyst | G7: 44032 | H7: 74500 | I7: 0 | J7: Average | K7: Delhi | L7: Active | M7: 9226772164 | N7: =B7&" "&C7 -> Nikhil Davis | O7: =H7+I7 -> 74500 | P7: =DATEDIF(G7,TODAY(),"Y") -> 6 | Q7: =IF(H7>=100000,"A",IF(H7>=60000,"B","C")) -> B | S7: =COUNTIF(L2:L101,"ACTIVE") -> 90
A8: E1007 | B8: Lucas | C8: Smith | D8: Male | E8: HR | F8: HR Manager | G8: 42165 | H8: 62500 | I8: 0 | J8: Average | K8: Delhi | L8: Active | M8: 9436883827 | N8: =B8&" "&C8 -> Lucas Smith | O8: =H8+I8 -> 62500 | P8: =DATEDIF(G8,TODAY(),"Y") -> 11 | Q8: =IF(H8>=100000,"A",IF(H8>=60000,"B","C")) -> B | S8: RESIGNED
A9: E1008 | B9: Riya | C9: Das | D9: Female | E9: HR | F9: HR Manager | G9: 45445 | H9: 39500 | I9: 0 | J9: Poor | K9: Chennai | L9: Active | M9: 9165143298 | N9: =B9&" "&C9 -> Riya Das | O9: =H9+I9 -> 39500 | P9: =DATEDIF(G9,TODAY(),"Y") -> 2 | Q9: =IF(H9>=100000,"A",IF(H9>=60000,"B","C")) -> C | S9: =COUNTIF(L2:L101,"RESIGNED") -> 9
A10: E1009 | B10: Kavya | C10: Patel | D10: Female | E10: HR | F10: HR Executive | G10: 43426 | H10: 79000 | I10: ) | J10: Poor | K10: Delhi | L10: Active | M10: 9630098818 | N10: =B10&" "&C10 -> Kavya Patel | O10: =H10+I10 -> #VALUE! | P10: =DATEDIF(G10,TODAY(),"Y") -> 7 | Q10: =IF(H10>=100000,"A",IF(H10>=60000,"B","C")) -> B | S10: ON LEAVE
A11: E1010 | B11: Liam | C11: Davis | D11: Male | E11: Sales | F11: Sales Lead | G11: 43606 | H11: 66000 | I11: 3300 | J11: Excellent | K11: Delhi | L11: Active | M11: 9247023327 | N11: =B11&" "&C11 -> Liam Davis | O11: =H11+I11 -> 69300 | P11: =DATEDIF(G11,TODAY(),"Y") -> 7 | Q11: =IF(H11>=100000,"A",IF(H11>=60000,"B","C")) -> B | S11: =COUNTIF(L2:L101,"ON LEAVE") -> 1
A12: E1011 | B12: Pooja | C12: Nair | D12: Female | E12: HR | F12: Recruiter | G12: 42623 | H12: 50000 | I12: 0 | J12: Good | K12: Delhi | L12: Active | M12: 9620724767 | N12: =B12&" "&C12 -> Pooja Nair | O12: =H12+I12 -> 50000 | P12: =DATEDIF(G12,TODAY(),"Y") -> 10 | Q12: =IF(H12>=100000,"A",IF(H12>=60000,"B","C")) -> C | S12: ATTRITION
A13: E1012 | B13: Vikram | C13: Patel | D13: Male | E13: HR | F13: Recruiter | G13: 43517 | H13: 70000 | I13: 7000 | J13: Good | K13: Hyderabad | L13: On Leave | M13: 9653504709 | N13: =B13&" "&C13 -> Vikram Patel | O13: =H13+I13 -> 77000 | P13: =DATEDIF(G13,TODAY(),"Y") -> 7 | Q13: =IF(H13>=100000,"A",IF(H13>=60000,"B","C")) -> B | S13: =$S$9/$S$5 -> 0.09
A14: E1013 | B14: Divya | C14: Khan | D14: Female | E14: HR | F14: Recruiter | G14: 42429 | H14: 61000 | I14: 3000 | J14: Average | K14: Mumbai | L14: Active | M14: no phone | N14: =B14&" "&C14 -> Divya Khan | O14: =H14+I14 -> 64000 | P14: =DATEDIF(G14,TODAY(),"Y") -> 10 | Q14: =IF(H14>=100000,"A",IF(H14>=60000,"B","C")) -> B | S14: AVG SAL
A15: E1014 | B15: Imran | C15: Sharma | D15: Male | E15: Finance | F15: Accountant | G15: 42424 | H15: 48500 | I15: 0 | J15: Good | K15: Mumbai | L15: Active | M15: 9758995368 | N15: =B15&" "&C15 -> Imran Sharma | O15: =H15+I15 -> 48500 | P15: =DATEDIF(G15,TODAY(),"Y") -> 10 | Q15: =IF(H15>=100000,"A",IF(H15>=60000,"B","C")) -> C | S15: =AVERAGE($H$3:$H$101) -> 70393.939
A16: E1015 | B16: Ananya | C16: Taylor | D16: Female | E16: Marketing | F16: Content Writer | G16: 44471 | H16: 63000 | I16: 0 | J16: Good | K16: Delhi | L16: Active | M16: 9600352373 | N16: =B16&" "&C16 -> Ananya Taylor | O16: =H16+I16 -> 63000 | P16: =DATEDIF(G16,TODAY(),"Y") -> 5 | Q16: =IF(H16>=100000,"A",IF(H16>=60000,"B","C")) -> B | S16: TOTAL PAYROLL
A17: E1016 | B17: Vikram | C17: Johnson | D17: Male | E17: Engineering | F17: Senior Developer | G17: 45037 | H17: 105000 | I17: 0 | J17: Good | K17: Hyderabad | L17: Active | M17: 9320347933 | N17: =B17&" "&C17 -> Vikram Johnson | O17: =H17+I17 -> 105000 | P17: =DATEDIF(G17,TODAY(),"Y") -> 3 | Q17: =IF(H17>=100000,"A",IF(H17>=60000,"B","C")) -> A | S17: =SUM($H$13:$H$101) -> 6307500
A18: E1017 | B18: Noah | C18: Johnson | D18: Male | E18: Finance | F18: Accountant | G18: 44638 | H18: 64500 | I18: 0 | J18: Average | K18: Chennai | L18: Active | M18: 9279360017 | N18: =B18&" "&C18 -> Noah Johnson | O18: =H18+I18 -> 64500 | P18: =DATEDIF(G18,TODAY(),"Y") -> 4 | Q18: =IF(H18>=100000,"A",IF(H18>=60000,"B","C")) -> B | S18: TOTAL BONUS
A19: E1018 | B19: Emma | C19: Khan | D19: Female | E19: Sales | F19: Sales Lead | G19: 45328 | H19: 80000 | I19: 0 | J19: Average | K19: Pune | L19: Active | M19: 9343459673 | N19: =B19&" "&C19 -> Emma Khan | O19: =H19+I19 -> 80000 | P19: =DATEDIF(G19,TODAY(),"Y") -> 2 | Q19: =IF(H19>=100000,"A",IF(H19>=60000,"B","C")) -> B | S19: =SUM($I$2:$I$101) -> 184700
A20: E1019 | B20: Olivia | C20: Wilson | D20: Female | E20: Engineering | F20: QA Engineer | G20: 45241 | H20: 63500 | I20: 0 | J20: Good | K20: Delhi | L20: Active | M20: 9469668829 | N20: =B20&" "&C20 -> Olivia Wilson | O20: =H20+I20 -> 63500 | P20: =DATEDIF(G20,TODAY(),"Y") -> 2 | Q20: =IF(H20>=100000,"A",IF(H20>=60000,"B","C")) -> B | S20: Average age of service
A21: E1020 | B21: Rohan | C21: Sharma | D21: Male | E21: Engineering | F21: Tech Lead | G21: 43930 | H21: 89500 | I21: 0 | J21: Good | K21: Hyderabad | L21: Active | M21: 9755263987 | N21: =B21&" "&C21 -> Rohan Sharma | O21: =H21+I21 -> 89500 | P21: =DATEDIF(G21,TODAY(),"Y") -> 6 | Q21: =IF(H21>=100000,"A",IF(H21>=60000,"B","C")) -> B | S21: =AVERAGE($P$12:$P$101) -> 6.6111111
A22: E1021 | B22: Sophia | C22: Davis | D22: Female | E22: Engineering | F22: QA Engineer | G22: 42496 | H22: 146500 | I22: 7300 | J22: Average | K22: Bangalore | L22: Active | M22: 9291686239 | N22: =B22&" "&C22 -> Sophia Davis | O22: =H22+I22 -> 153800 | P22: =DATEDIF(G22,TODAY(),"Y") -> 10 | Q22: =IF(H22>=100000,"A",IF(H22>=60000,"B","C")) -> A
A23: E1022 | B23: Meera | C23: Reddy | D23: Female | E23: HR | F23: HR Manager | G23: 44973 | H23: 40500 | I23: 0 | J23: Good | K23: Chennai | L23: Active | M23: 9599669927 | N23: =B23&" "&C23 -> Meera Reddy | O23: =H23+I23 -> 40500 | P23: =DATEDIF(G23,TODAY(),"Y") -> 3 | Q23: =IF(H23>=100000,"A",IF(H23>=60000,"B","C")) -> C
A24: E1023 | B24: Emma | C24: Gupta | D24: Female | E24: Marketing | F24: SEO Specialist | G24: 44252 | H24: 50000 | I24: 5000 | J24: Excellent | K24: Hyderabad | L24: Active | M24: 9797582865 | N24: =B24&" "&C24 -> Emma Gupta | O24: =H24+I24 -> 55000 | P24: =DATEDIF(G24,TODAY(),"Y") -> 5 | Q24: =IF(H24>=100000,"A",IF(H24>=60000,"B","C")) -> C
A25: E1024 | B25: Karan | C25: Smith | D25: Male | E25: Sales | F25: Account Manager | G25: 45584 | H25: 94000 | I25: 0 | J25: Excellent | K25: Chennai | L25: Active | M25: 9919994920 | N25: =B25&" "&C25 -> Karan Smith | O25: =H25+I25 -> 94000 | P25: =DATEDIF(G25,TODAY(),"Y") -> 2 | Q25: =IF(H25>=100000,"A",IF(H25>=60000,"B","C")) -> B
A26: E1025 | B26: Ava | C26: Davis | D26: Female | E26: Sales | F26: Sales Lead | G26: 45035 | H26: 44000 | I26: 0 | J26: Average | K26: Mumbai | L26: Active | M26: 9654867725 | N26: =B26&" "&C26 -> Ava Davis | O26: =H26+I26 -> 44000 | P26: =DATEDIF(G26,TODAY(),"Y") -> 3 | Q26: =IF(H26>=100000,"A",IF(H26>=60000,"B","C")) -> C
A27: E1026 | B27: Sanjay | C27: Nair | D27: Male | E27: Finance | F27: Accountant | G27: 45580 | H27: 46000 | I27: 2300 | J27: Average | K27: Pune | L27: Active | M27: 9260849193 | N27: =B27&" "&C27 -> Sanjay Nair | O27: =H27+I27 -> 48300 | P27: =DATEDIF(G27,TODAY(),"Y") -> 2 | Q27: =IF(H27>=100000,"A",IF(H27>=60000,"B","C")) -> C
A28: E1027 | B28: Sanjay | C28: Patel | D28: Male | E28: Engineering | F28: Senior Developer | G28: 44799 | H28: 102500 | I28: 10200 | J28: Good | K28: Mumbai | L28: Active | M28: 9701613399 | N28: =B28&" "&C28 -> Sanjay Patel | O28: =H28+I28 -> 112700 | P28: =DATEDIF(G28,TODAY(),"Y") -> 4 | Q28: =IF(H28>=100000,"A",IF(H28>=60000,"B","C")) -> A
A29: E1028 | B29: Priya | C29: Smith | D29: Female | E29: Engineering | F29: Senior Developer | G29: 43857 | H29: 126500 | I29: 12600 | J29: Excellent | K29: Hyderabad | L29: Resigned | M29: no phone | N29: =B29&" "&C29 -> Priya Smith | O29: =H29+I29 -> 139100 | P29: =DATEDIF(G29,TODAY(),"Y") -> 6 | Q29: =IF(H29>=100000,"A",IF(H29>=60000,"B","C")) -> A
A30: E1029 | B30: Meera | C30: Khan | D30: Female | E30: Finance | F30: Financial Analyst | G30: 45311 | H30: 80000 | I30: 4000 | J30: Good | K30: Mumbai | L30: Active | M30: 9378735098 | N30: =B30&" "&C30 -> Meera Khan | O30: =H30+I30 -> 84000 | P30: =DATEDIF(G30,TODAY(),"Y") -> 2 | Q30: =IF(H30>=100000,"A",IF(H30>=60000,"B","C")) -> B
A31: E1030 | B31: Sneha | C31: Gupta | D31: Female | E31: HR | F31: HR Executive | G31: 43299 | H31: 64000 | I31: 0 | J31: Average | K31: Hyderabad | L31: Active | M31: 9425107627 | N31: =B31&" "&C31 -> Sneha Gupta | O31: =H31+I31 -> 64000 | P31: =DATEDIF(G31,TODAY(),"Y") -> 8 | Q31: =IF(H31>=100000,"A",IF(H31>=60000,"B","C")) -> B
A32: E1031 | B32: Ananya | C32: Mehta | D32: Female | E32: Marketing | F32: Marketing Analyst | G32: 43920 | H32: 49000 | I32: 0 | J32: Average | K32: Hyderabad | L32: Active | M32: 9274799977 | N32: =B32&" "&C32 -> Ananya Mehta | O32: =H32+I32 -> 49000 | P32: =DATEDIF(G32,TODAY(),"Y") -> 6 | Q32: =IF(H32>=100000,"A",IF(H32>=60000,"B","C")) -> C
A33: E1032 | B33: Isha | C33: Wilson | D33: Female | E33: HR | F33: Recruiter | G33: 43730 | H33: 57000 | I33: 0 | J33: Good | K33: Hyderabad | L33: Active | M33: 9462902921 | N33: =B33&" "&C33 -> Isha Wilson | O33: =H33+I33 -> 57000 | P33: =DATEDIF(G33,TODAY(),"Y") -> 7 | Q33: =IF(H33>=100000,"A",IF(H33>=60000,"B","C")) -> C
... A101: E1100 | B101: Sneha | C101: Singh | D101: Female | E101: HR | F101: HR Executive | G101: 44094 | H101: 68000 | I101: 0 | J101: Excellent | K101: Chennai | L101: Active | M101: 9436860564 | N101: =B101&" "&C101 -> Sneha Singh | O101: =H101+I101 -> 68000 | P101: =DATEDIF(G101,TODAY(),"Y") -> 6 | Q101: =IF(H101>=100000,"A",IF(H101>=60000,"B","C")) -> B
N102: =B102&" "&C102

Sheet Hr Dashboard

Sheet Data_Clean
A1: Emp ID | B1: First Name | C1: Last Name | D1: Gender | E1: Department | F1: Job Title | G1: Hire Date | H1: Salary | I1: Bonus | J1: Performance Rating | K1: City | L1: Status | M1: Phone | N1: Full Name | O1: Total Pay | P1: Years of Service | Q1: Grade | R1: Tenure Band | S1: Department Head | T1: Annual Budget | U1: Hire Year
A2: E1001 | B2: Ananya | C2: Khan | D2: Female | E2: HR | F2: HR Executive | G2: 42202 | H2: 77500 | I2: 0 | J2: Average | K2: Bangalore | L2: Active | M2: 9644854973 | N2: =B2&" "&C2 -> Ananya Khan | O2: =SUM(H2:I2) -> 77500 | P2: =DATEDIF(G2,TODAY(),"Y") -> 11 | Q2: =IF(H2>=100000,"A",IF(H2>=60000,"B","C")) -> B | R2: =IF(P2<3,"0-2 yrs",IF(P2<6,"3-5 yrs",IF(P2<9,"6-8 yrs","9+ yrs"))) -> 9+ yrs | S2: =VLOOKUP(E2,Departments!$A$2:$D$6,3,FALSE) -> Rekha Iyer | T2: =VLOOKUP(E2,Departments!$A$2:$D$6,4,FALSE) -> 5000000 | U2: =YEAR(G2) -> 2015
A3: E1002 | B3: Divya | C3: Mehta | D3: Female | E3: Engineering | F3: Developer | G3: 42376 | H3: 91500 | I3: 9200 | J3: Good | K3: Chennai | L3: Active | M3: No Phone | N3: =B3&" "&C3 -> Divya Mehta | O3: =SUM(H3:I3) -> 100700 | P3: =DATEDIF(G3,TODAY(),"Y") -> 10 | Q3: =IF(H3>=100000,"A",IF(H3>=60000,"B","C")) -> B | R3: =IF(P3<3,"0-2 yrs",IF(P3<6,"3-5 yrs",IF(P3<9,"6-8 yrs","9+ yrs"))) -> 9+ yrs | S3: =VLOOKUP(E3,Departments!$A$2:$D$6,3,FALSE) -> Anil Kumar | T3: =VLOOKUP(E3,Departments!$A$2:$D$6,4,FALSE) -> 15000000 | U3: =YEAR(G3) -> 2016 | X3: Row Labels | Y3: Headcount
A4: E1003 | B4: Priya | C4: Das | D4: Female | E4: Sales | F4: Sales Lead | G4: 44285 | H4: 43000 | I4: 0 | J4: Good | K4: Hyderabad | L4: Active | M4: No Phone | N4: =B4&" "&C4 -> Priya Das | O4: =SUM(H4:I4) -> 43000 | P4: =DATEDIF(G4,TODAY(),"Y") -> 5 | Q4: =IF(H4>=100000,"A",IF(H4>=60000,"B","C")) -> C | R4: =IF(P4<3,"0-2 yrs",IF(P4<6,"3-5 yrs",IF(P4<9,"6-8 yrs","9+ yrs"))) -> 3-5 yrs | S4: =VLOOKUP(E4,Departments!$A$2:$D$6,3,FALSE) -> Sunita Rao | T4: =VLOOKUP(E4,Departments!$A$2:$D$6,4,FALSE) -> 9000000 | U4: =YEAR(G4) -> 2021 | X4: Engineering | Y4: 16
A5: E1004 | B5: Rahul | C5: Patel | D5: Male | E5: Finance | F5: Finance Manager | G5: 44621 | H5: 82500 | I5: 0 | J5: Good | K5: Mumbai | L5: Active | M5: No Phone | N5: =B5&" "&C5 -> Rahul Patel | O5: =SUM(H5:I5) -> 82500 | P5: =DATEDIF(G5,TODAY(),"Y") -> 4 | Q5: =IF(H5>=100000,"A",IF(H5>=60000,"B","C")) -> B | R5: =IF(P5<3,"0-2 yrs",IF(P5<6,"3-5 yrs",IF(P5<9,"6-8 yrs","9+ yrs"))) -> 3-5 yrs | S5: =VLOOKUP(E5,Departments!$A$2:$D$6,3,FALSE) -> Suresh Menon | T5: =VLOOKUP(E5,Departments!$A$2:$D$6,4,FALSE) -> 8000000 | U5: =YEAR(G5) -> 2022 | X5: Finance | Y5: 19
A6: E1005 | B6: Emma | C6: Nair | D6: Female | E6: Finance | F6: Finance Manager | G6: 45188 | H6: 73000 | I6: 0 | J6: Good | K6: Mumbai | L6: Resigned | M6: 9366746013 | N6: =B6&" "&C6 -> Emma Nair | O6: =SUM(H6:I6) -> 73000 | P6: =DATEDIF(G6,TODAY(),"Y") -> 3 | Q6: =IF(H6>=100000,"A",IF(H6>=60000,"B","C")) -> B | R6: =IF(P6<3,"0-2 yrs",IF(P6<6,"3-5 yrs",IF(P6<9,"6-8 yrs","9+ yrs"))) -> 3-5 yrs | S6: =VLOOKUP(E6,Departments!$A$2:$D$6,3,FALSE) -> Suresh Menon | T6: =VLOOKUP(E6,Departments!$A$2:$D$6,4,FALSE) -> 8000000 | U6: =YEAR(G6) -> 2023 | X6: HR | Y6: 24
A7: E1006 | B7: Nikhil | C7: Davis | D7: Male | E7: Marketing | F7: Marketing Analyst | G7: 44032 | H7: 74500 | I7: 0 | J7: Average | K7: Delhi | L7: Active | M7: 9226772164 | N7: =B7&" "&C7 -> Nikhil Davis | O7: =SUM(H7:I7) -> 74500 | P7: =DATEDIF(G7,TODAY(),"Y") -> 6 | Q7: =IF(H7>=100000,"A",IF(H7>=60000,"B","C")) -> B | R7: =IF(P7<3,"0-2 yrs",IF(P7<6,"3-5 yrs",IF(P7<9,"6-8 yrs","9+ yrs"))) -> 6-8 yrs | S7: =VLOOKUP(E7,Departments!$A$2:$D$6,3,FALSE) -> David Miller | T7: =VLOOKUP(E7,Departments!$A$2:$D$6,4,FALSE) -> 7000000 | U7: =YEAR(G7) -> 2020 | X7: Marketing | Y7: 26
A8: E1007 | B8: Lucas | C8: Smith | D8: Male | E8: HR | F8: HR Manager | G8: 42165 | H8: 62500 | I8: 0 | J8: Average | K8: Delhi | L8: Active | M8: 9436883827 | N8: =B8&" "&C8 -> Lucas Smith | O8: =SUM(H8:I8) -> 62500 | P8: =DATEDIF(G8,TODAY(),"Y") -> 11 | Q8: =IF(H8>=100000,"A",IF(H8>=60000,"B","C")) -> B | R8: =IF(P8<3,"0-2 yrs",IF(P8<6,"3-5 yrs",IF(P8<9,"6-8 yrs","9+ yrs"))) -> 9+ yrs | S8: =VLOOKUP(E8,Departments!$A$2:$D$6,3,FALSE) -> Rekha Iyer | T8: =VLOOKUP(E8,Departments!$A$2:$D$6,4,FALSE) -> 5000000 | U8: =YEAR(G8) -> 2015 | X8: Sales | Y8: 15
A9: E1008 | B9: Riya | C9: Das | D9: Female | E9: HR | F9: HR Manager | G9: 45445 | H9: 39500 | I9: 0 | J9: Poor | K9: Chennai | L9: Active | M9: 9165143298 | N9: =B9&" "&C9 -> Riya Das | O9: =SUM(H9:I9) -> 39500 | P9: =DATEDIF(G9,TODAY(),"Y") -> 2 | Q9: =IF(H9>=100000,"A",IF(H9>=60000,"B","C")) -> C | R9: =IF(P9<3,"0-2 yrs",IF(P9<6,"3-5 yrs",IF(P9<9,"6-8 yrs","9+ yrs"))) -> 0-2 yrs | S9: =VLOOKUP(E9,Departments!$A$2:$D$6,3,FALSE) -> Rekha Iyer | T9: =VLOOKUP(E9,Departments!$A$2:$D$6,4,FALSE) -> 5000000 | U9: =YEAR(G9) -> 2024
A10: E1009 | B10: Kavya | C10: Patel | D10: Female | E10: HR | F10: HR Executive | G10: 43426 | H10: 79000 | I10: 0 | J10: Poor | K10: Delhi | L10: Active | M10: 9630098818 | N10: =B10&" "&C10 -> Kavya Patel | O10: =SUM(H10:I10) -> 79000 | P10: =DATEDIF(G10,TODAY(),"Y") -> 7 | Q10: =IF(H10>=100000,"A",IF(H10>=60000,"B","C")) -> B | R10: =IF(P10<3,"0-2 yrs",IF(P10<6,"3-5 yrs",IF(P10<9,"6-8 yrs","9+ yrs"))) -> 6-8 yrs | S10: =VLOOKUP(E10,Departments!$A$2:$D$6,3,FALSE) -> Rekha Iyer | T10: =VLOOKUP(E10,Departments!$A$2:$D$6,4,FALSE) -> 5000000 | U10: =YEAR(G10) -> 2018
A11: E1010 | B11: Liam | C11: Davis | D11: Male | E11: Sales | F11: Sales Lead | G11: 43606 | H11: 66000 | I11: 3300 | J11: Excellent | K11: Delhi | L11: Active | M11: 9247023327 | N11: =B11&" "&C11 -> Liam Davis | O11: =SUM(H11:I11) -> 69300 | P11: =DATEDIF(G11,TODAY(),"Y") -> 7 | Q11: =IF(H11>=100000,"A",IF(H11>=60000,"B","C")) -> B | R11: =IF(P11<3,"0-2 yrs",IF(P11<6,"3-5 yrs",IF(P11<9,"6-8 yrs","9+ yrs"))) -> 6-8 yrs | S11: =VLOOKUP(E11,Departments!$A$2:$D$6,3,FALSE) -> Sunita Rao | T11: =VLOOKUP(E11,Departments!$A$2:$D$6,4,FALSE) -> 9000000 | U11: =YEAR(G11) -> 2019
A12: E1011 | B12: Pooja | C12: Nair | D12: Female | E12: HR | F12: Recruiter | G12: 42623 | H12: 50000 | I12: 0 | J12: Good | K12: Delhi | L12: Active | M12: 9620724767 | N12: =B12&" "&C12 -> Pooja Nair | O12: =SUM(H12:I12) -> 50000 | P12: =DATEDIF(G12,TODAY(),"Y") -> 10 | Q12: =IF(H12>=100000,"A",IF(H12>=60000,"B","C")) -> C | R12: =IF(P12<3,"0-2 yrs",IF(P12<6,"3-5 yrs",IF(P12<9,"6-8 yrs","9+ yrs"))) -> 9+ yrs | S12: =VLOOKUP(E12,Departments!$A$2:$D$6,3,FALSE) -> Rekha Iyer | T12: =VLOOKUP(E12,Departments!$A$2:$D$6,4,FALSE) -> 5000000 | U12: =YEAR(G12) -> 2016
A13: E1012 | B13: Vikram | C13: Patel | D13: Male | E13: HR | F13: Recruiter | G13: 43517 | H13: 70000 | I13: 7000 | J13: Good | K13: Hyderabad | L13: On Leave | M13: 9653504709 | N13: =B13&" "&C13 -> Vikram Patel | O13: =SUM(H13:I13) -> 77000 | P13: =DATEDIF(G13,TODAY(),"Y") -> 7 | Q13: =IF(H13>=100000,"A",IF(H13>=60000,"B","C")) -> B | R13: =IF(P13<3,"0-2 yrs",IF(P13<6,"3-5 yrs",IF(P13<9,"6-8 yrs","9+ yrs"))) -> 6-8 yrs | S13: =VLOOKUP(E13,Departments!$A$2:$D$6,3,FALSE) -> Rekha Iyer | T13: =VLOOKUP(E13,Departments!$A$2:$D$6,4,FALSE) -> 5000000 | U13: =YEAR(G13) -> 2019
A14: E1013 | B14: Divya | C14: Khan | D14: Female | E14: HR | F14: Recruiter | G14: 42429 | H14: 61000 | I14: 3000 | J14: Average | K14: Mumbai | L14: Active | M14: No Phone | N14: =B14&" "&C14 -> Divya Khan | O14: =SUM(H14:I14) -> 64000 | P14: =DATEDIF(G14,TODAY(),"Y") -> 10 | Q14: =IF(H14>=100000,"A",IF(H14>=60000,"B","C")) -> B | R14: =IF(P14<3,"0-2 yrs",IF(P14<6,"3-5 yrs",IF(P14<9,"6-8 yrs","9+ yrs"))) -> 9+ yrs | S14: =VLOOKUP(E14,Departments!$A$2:$D$6,3,FALSE) -> Rekha Iyer | T14: =VLOOKUP(E14,Departments!$A$2:$D$6,4,FALSE) -> 5000000 | U14: =YEAR(G14) -> 2016
A15: E1014 | B15: Imran | C15: Sharma | D15: Male | E15: Finance | F15: Accountant | G15: 42424 | H15: 48500 | I15: 0 | J15: Good | K15: Mumbai | L15: Active | M15: 9758995368 | N15: =B15&" "&C15 -> Imran Sharma | O15: =SUM(H15:I15) -> 48500 | P15: =DATEDIF(G15,TODAY(),"Y") -> 10 | Q15: =IF(H15>=100000,"A",IF(H15>=60000,"B","C")) -> C | R15: =IF(P15<3,"0-2 yrs",IF(P15<6,"3-5 yrs",IF(P15<9,"6-8 yrs","9+ yrs"))) -> 9+ yrs | S15: =VLOOKUP(E15,Departments!$A$2:$D$6,3,FALSE) -> Suresh Menon | T15: =VLOOKUP(E15,Departments!$A$2:$D$6,4,FALSE) -> 8000000 | U15: =YEAR(G15) -> 2016
A16: E1015 | B16: Ananya | C16: Taylor | D16: Female | E16: Marketing | F16: Content Writer | G16: 44471 | H16: 63000 | I16: 0 | J16: Good | K16: Delhi | L16: Active | M16: 9600352373 | N16: =B16&" "&C16 -> Ananya Taylor | O16: =SUM(H16:I16) -> 63000 | P16: =DATEDIF(G16,TODAY(),"Y") -> 5 | Q16: =IF(H16>=100000,"A",IF(H16>=60000,"B","C")) -> B | R16: =IF(P16<3,"0-2 yrs",IF(P16<6,"3-5 yrs",IF(P16<9,"6-8 yrs","9+ yrs"))) -> 3-5 yrs | S16: =VLOOKUP(E16,Departments!$A$2:$D$6,3,FALSE) -> David Miller | T16: =VLOOKUP(E16,Departments!$A$2:$D$6,4,FALSE) -> 7000000 | U16: =YEAR(G16) -> 2021
A17: E1016 | B17: Vikram | C17: Johnson | D17: Male | E17: Engineering | F17: Senior Developer | G17: 45037 | H17: 105000 | I17: 0 | J17: Good | K17: Hyderabad | L17: Active | M17: 9320347933 | N17: =B17&" "&C17 -> Vikram Johnson | O17: =SUM(H17:I17) -> 105000 | P17: =DATEDIF(G17,TODAY(),"Y") -> 3 | Q17: =IF(H17>=100000,"A",IF(H17>=60000,"B","C")) -> A | R17: =IF(P17<3,"0-2 yrs",IF(P17<6,"3-5 yrs",IF(P17<9,"6-8 yrs","9+ yrs"))) -> 3-5 yrs | S17: =VLOOKUP(E17,Departments!$A$2:$D$6,3,FALSE) -> Anil Kumar | T17: =VLOOKUP(E17,Departments!$A$2:$D$6,4,FALSE) -> 15000000 | U17: =YEAR(G17) -> 2023
A18: E1017 | B18: Noah | C18: Johnson | D18: Male | E18: Finance | F18: Accountant | G18: 44638 | H18: 64500 | I18: 0 | J18: Average | K18: Chennai | L18: Active | M18: 9279360017 | N18: =B18&" "&C18 -> Noah Johnson | O18: =SUM(H18:I18) -> 64500 | P18: =DATEDIF(G18,TODAY(),"Y") -> 4 | Q18: =IF(H18>=100000,"A",IF(H18>=60000,"B","C")) -> B | R18: =IF(P18<3,"0-2 yrs",IF(P18<6,"3-5 yrs",IF(P18<9,"6-8 yrs","9+ yrs"))) -> 3-5 yrs | S18: =VLOOKUP(E18,Departments!$A$2:$D$6,3,FALSE) -> Suresh Menon | T18: =VLOOKUP(E18,Departments!$A$2:$D$6,4,FALSE) -> 8000000 | U18: =YEAR(G18) -> 2022
A19: E1018 | B19: Emma | C19: Khan | D19: Female | E19: Sales | F19: Sales Lead | G19: 45328 | H19: 80000 | I19: 0 | J19: Average | K19: Pune | L19: Active | M19: 9343459673 | N19: =B19&" "&C19 -> Emma Khan | O19: =SUM(H19:I19) -> 80000 | P19: =DATEDIF(G19,TODAY(),"Y") -> 2 | Q19: =IF(H19>=100000,"A",IF(H19>=60000,"B","C")) -> B | R19: =IF(P19<3,"0-2 yrs",IF(P19<6,"3-5 yrs",IF(P19<9,"6-8 yrs","9+ yrs"))) -> 0-2 yrs | S19: =VLOOKUP(E19,Departments!$A$2:$D$6,3,FALSE) -> Sunita Rao | T19: =VLOOKUP(E19,Departments!$A$2:$D$6,4,FALSE) -> 9000000 | U19: =YEAR(G19) -> 2024
A20: E1019 | B20: Olivia | C20: Wilson | D20: Female | E20: Engineering | F20: QA Engineer | G20: 45241 | H20: 63500 | I20: 0 | J20: Good | K20: Delhi | L20: Active | M20: 9469668829 | N20: =B20&" "&C20 -> Olivia Wilson | O20: =SUM(H20:I20) -> 63500 | P20: =DATEDIF(G20,TODAY(),"Y") -> 2 | Q20: =IF(H20>=100000,"A",IF(H20>=60000,"B","C")) -> B | R20: =IF(P20<3,"0-2 yrs",IF(P20<6,"3-5 yrs",IF(P20<9,"6-8 yrs","9+ yrs"))) -> 0-2 yrs | S20: =VLOOKUP(E20,Departments!$A$2:$D$6,3,FALSE) -> Anil Kumar | T20: =VLOOKUP(E20,Departments!$A$2:$D$6,4,FALSE) -> 15000000 | U20: =YEAR(G20) -> 2023
A21: E1020 | B21: Rohan | C21: Sharma | D21: Male | E21: Engineering | F21: Tech Lead | G21: 43930 | H21: 89500 | I21: 0 | J21: Good | K21: Hyderabad | L21: Active | M21: 9755263987 | N21: =B21&" "&C21 -> Rohan Sharma | O21: =SUM(H21:I21) -> 89500 | P21: =DATEDIF(G21,TODAY(),"Y") -> 6 | Q21: =IF(H21>=100000,"A",IF(H21>=60000,"B","C")) -> B | R21: =IF(P21<3,"0-2 yrs",IF(P21<6,"3-5 yrs",IF(P21<9,"6-8 yrs","9+ yrs"))) -> 6-8 yrs | S21: =VLOOKUP(E21,Departments!$A$2:$D$6,3,FALSE) -> Anil Kumar | T21: =VLOOKUP(E21,Departments!$A$2:$D$6,4,FALSE) -> 15000000 | U21: =YEAR(G21) -> 2020
A22: E1021 | B22: Sophia | C22: Davis | D22: Female | E22: Engineering | F22: QA Engineer | G22: 42496 | H22: 146500 | I22: 7300 | J22: Average | K22: Bangalore | L22: Active | M22: 9291686239 | N22: =B22&" "&C22 -> Sophia Davis | O22: =SUM(H22:I22) -> 153800 | P22: =DATEDIF(G22,TODAY(),"Y") -> 10 | Q22: =IF(H22>=100000,"A",IF(H22>=60000,"B","C")) -> A | R22: =IF(P22<3,"0-2 yrs",IF(P22<6,"3-5 yrs",IF(P22<9,"6-8 yrs","9+ yrs"))) -> 9+ yrs | S22: =VLOOKUP(E22,Departments!$A$2:$D$6,3,FALSE) -> Anil Kumar | T22: =VLOOKUP(E22,Departments!$A$2:$D$6,4,FALSE) -> 15000000 | U22: =YEAR(G22) -> 2016
A23: E1022 | B23: Meera | C23: Reddy | D23: Female | E23: HR | F23: HR Manager | G23: 44973 | H23: 40500 | I23: 0 | J23: Good | K23: Chennai | L23: Active | M23: 9599669927 | N23: =B23&" "&C23 -> Meera Reddy | O23: =SUM(H23:I23) -> 40500 | P23: =DATEDIF(G23,TODAY(),"Y") -> 3 | Q23: =IF(H23>=100000,"A",IF(H23>=60000,"B","C")) -> C | R23: =IF(P23<3,"0-2 yrs",IF(P23<6,"3-5 yrs",IF(P23<9,"6-8 yrs","9+ yrs"))) -> 3-5 yrs | S23: =VLOOKUP(E23,Departments!$A$2:$D$6,3,FALSE) -> Rekha Iyer | T23: =VLOOKUP(E23,Departments!$A$2:$D$6,4,FALSE) -> 5000000 | U23: =YEAR(G23) -> 2023
A24: E1023 | B24: Emma | C24: Gupta | D24: Female | E24: Marketing | F24: SEO Specialist | G24: 44252 | H24: 50000 | I24: 5000 | J24: Excellent | K24: Hyderabad | L24: Active | M24: 9797582865 | N24: =B24&" "&C24 -> Emma Gupta | O24: =SUM(H24:I24) -> 55000 | P24: =DATEDIF(G24,TODAY(),"Y") -> 5 | Q24: =IF(H24>=100000,"A",IF(H24>=60000,"B","C")) -> C | R24: =IF(P24<3,"0-2 yrs",IF(P24<6,"3-5 yrs",IF(P24<9,"6-8 yrs","9+ yrs"))) -> 3-5 yrs | S24: =VLOOKUP(E24,Departments!$A$2:$D$6,3,FALSE) -> David Miller | T24: =VLOOKUP(E24,Departments!$A$2:$D$6,4,FALSE) -> 7000000 | U24: =YEAR(G24) -> 2021
A25: E1024 | B25: Karan | C25: Smith | D25: Male | E25: Sales | F25: Account Manager | G25: 45584 | H25: 94000 | I25: 0 | J25: Excellent | K25: Chennai | L25: Active | M25: 9919994920 | N25: =B25&" "&C25 -> Karan Smith | O25: =SUM(H25:I25) -> 94000 | P25: =DATEDIF(G25,TODAY(),"Y") -> 2 | Q25: =IF(H25>=100000,"A",IF(H25>=60000,"B","C")) -> B | R25: =IF(P25<3,"0-2 yrs",IF(P25<6,"3-5 yrs",IF(P25<9,"6-8 yrs","9+ yrs"))) -> 0-2 yrs | S25: =VLOOKUP(E25,Departments!$A$2:$D$6,3,FALSE) -> Sunita Rao | T25: =VLOOKUP(E25,Departments!$A$2:$D$6,4,FALSE) -> 9000000 | U25: =YEAR(G25) -> 2024
A26: E1025 | B26: Ava | C26: Davis | D26: Female | E26: Sales | F26: Sales Lead | G26: 45035 | H26: 44000 | I26: 0 | J26: Average | K26: Mumbai | L26: Active | M26: 9654867725 | N26: =B26&" "&C26 -> Ava Davis | O26: =SUM(H26:I26) -> 44000 | P26: =DATEDIF(G26,TODAY(),"Y") -> 3 | Q26: =IF(H26>=100000,"A",IF(H26>=60000,"B","C")) -> C | R26: =IF(P26<3,"0-2 yrs",IF(P26<6,"3-5 yrs",IF(P26<9,"6-8 yrs","9+ yrs"))) -> 3-5 yrs | S26: =VLOOKUP(E26,Departments!$A$2:$D$6,3,FALSE) -> Sunita Rao | T26: =VLOOKUP(E26,Departments!$A$2:$D$6,4,FALSE) -> 9000000 | U26: =YEAR(G26) -> 2023
... A28: E1027 | B28: Sanjay | C28: Patel | D28: Male | E28: Engineering | F28: Senior Developer | G28: 44799 | H28: 102500 | I28: 10200 | J28: Good | K28: Mumbai | L28: Active | M28: 9701613399 | N28: =B28&" "&C28 -> Sanjay Patel | O28: =SUM(H28:I28) -> 112700 | P28: =DATEDIF(G28,TODAY(),"Y") -> 4 | Q28: =IF(H28>=100000,"A",IF(H28>=60000,"B","C")) -> A | R28: =IF(P28<3,"0-2 yrs",IF(P28<6,"3-5 yrs",IF(P28<9,"6-8 yrs","9+ yrs"))) -> 3-5 yrs | S28: =VLOOKUP(E28,Departments!$A$2:$D$6,3,FALSE) -> Anil Kumar | T28: =VLOOKUP(E28,Departments!$A$2:$D$6,4,FALSE) -> 15000000 | U28: =YEAR(G28) -> 2022
A29: E1028 | B29: Priya | C29: Smith | D29: Female | E29: Engineering | F29: Senior Developer | G29: 43857 | H29: 126500 | I29: 12600 | J29: Excellent | K29: Hyderabad | L29: Resigned | M29: No Phone | N29: =B29&" "&C29 -> Priya Smith | O29: =SUM(H29:I29) -> 139100 | P29: =DATEDIF(G29,TODAY(),"Y") -> 6 | Q29: =IF(H29>=100000,"A",IF(H29>=60000,"B","C")) -> A | R29: =IF(P29<3,"0-2 yrs",IF(P29<6,"3-5 yrs",IF(P29<9,"6-8 yrs","9+ yrs"))) -> 6-8 yrs | S29: =VLOOKUP(E29,Departments!$A$2:$D$6,3,FALSE) -> Anil Kumar | T29: =VLOOKUP(E29,Departments!$A$2:$D$6,4,FALSE) -> 15000000 | U29: =YEAR(G29) -> 2020
A30: E1029 | B30: Meera | C30: Khan | D30: Female | E30: Finance | F30: Financial Analyst | G30: 45311 | H30: 80000 | I30: 4000 | J30: Good | K30: Mumbai | L30: Active | M30: 9378735098 | N30: =B30&" "&C30 -> Meera Khan | O30: =SUM(H30:I30) -> 84000 | P30: =DATEDIF(G30,TODAY(),"Y") -> 2 | Q30: =IF(H30>=100000,"A",IF(H30>=60000,"B","C")) -> B | R30: =IF(P30<3,"0-2 yrs",IF(P30<6,"3-5 yrs",IF(P30<9,"6-8 yrs","9+ yrs"))) -> 0-2 yrs | S30: =VLOOKUP(E30,Departments!$A$2:$D$6,3,FALSE) -> Suresh Menon | T30: =VLOOKUP(E30,Departments!$A$2:$D$6,4,FALSE) -> 8000000 | U30: =YEAR(G30) -> 2024
A31: E1030 | B31: Sneha | C31: Gupta | D31: Female | E31: HR | F31: HR Executive | G31: 43299 | H31: 64000 | I31: 0 | J31: Average | K31: Hyderabad | L31: Active | M31: 9425107627 | N31: =B31&" "&C31 -> Sneha Gupta | O31: =SUM(H31:I31) -> 64000 | P31: =DATEDIF(G31,TODAY(),"Y") -> 8 | Q31: =IF(H31>=100000,"A",IF(H31>=60000,"B","C")) -> B | R31: =IF(P31<3,"0-2 yrs",IF(P31<6,"3-5 yrs",IF(P31<9,"6-8 yrs","9+ yrs"))) -> 6-8 yrs | S31: =VLOOKUP(E31,Departments!$A$2:$D$6,3,FALSE) -> Rekha Iyer | T31: =VLOOKUP(E31,Departments!$A$2:$D$6,4,FALSE) -> 5000000 | U31: =YEAR(G31) -> 2018
A32: E1031 | B32: Ananya | C32: Mehta | D32: Female | E32: Marketing | F32: Marketing Analyst | G32: 43920 | H32: 49000 | I32: 0 | J32: Average | K32: Hyderabad | L32: Active | M32: 9274799977 | N32: =B32&" "&C32 -> Ananya Mehta | O32: =SUM(H32:I32) -> 49000 | P32: =DATEDIF(G32,TODAY(),"Y") -> 6 | Q32: =IF(H32>=100000,"A",IF(H32>=60000,"B","C")) -> C | R32: =IF(P32<3,"0-2 yrs",IF(P32<6,"3-5 yrs",IF(P32<9,"6-8 yrs","9+ yrs"))) -> 6-8 yrs | S32: =VLOOKUP(E32,Departments!$A$2:$D$6,3,FALSE) -> David Miller | T32: =VLOOKUP(E32,Departments!$A$2:$D$6,4,FALSE) -> 7000000 | U32: =YEAR(G32) -> 2020
A33: E1032 | B33: Isha | C33: Wilson | D33: Female | E33: HR | F33: Recruiter | G33: 43730 | H33: 57000 | I33: 0 | J33: Good | K33: Hyderabad | L33: Active | M33: 9462902921 | N33: =B33&" "&C33 -> Isha Wilson | O33: =SUM(H33:I33) -> 57000 | P33: =DATEDIF(G33,TODAY(),"Y") -> 7 | Q33: =IF(H33>=100000,"A",IF(H33>=60000,"B","C")) -> C | R33: =IF(P33<3,"0-2 yrs",IF(P33<6,"3-5 yrs",IF(P33<9,"6-8 yrs","9+ yrs"))) -> 6-8 yrs | S33: =VLOOKUP(E33,Departments!$A$2:$D$6,3,FALSE) -> Rekha Iyer | T33: =VLOOKUP(E33,Departments!$A$2:$D$6,4,FALSE) -> 5000000 | U33: =YEAR(G33) -> 2019
A34: E1033 | B34: Karan | C34: Mehta | D34: Male | E34: Marketing | F34: Marketing Analyst | G34: 44560 | H34: 74000 | I34: 0 | J34: Good | K34: Bangalore | L34: Active | M34: 9946498388 | N34: =B34&" "&C34 -> Karan Mehta | O34: =SUM(H34:I34) -> 74000 | P34: =DATEDIF(G34,TODAY(),"Y") -> 4 | Q34: =IF(H34>=100000,"A",IF(H34>=60000,"B","C")) -> B | R34: =IF(P34<3,"0-2 yrs",IF(P34<6,"3-5 yrs",IF(P34<9,"6-8 yrs","9+ yrs"))) -> 3-5 yrs | S34: =VLOOKUP(E34,Departments!$A$2:$D$6,3,FALSE) -> David Miller | T34: =VLOOKUP(E34,Departments!$A$2:$D$6,4,FALSE) -> 7000000 | U34: =YEAR(G34) -> 2021
A35: E1034 | B35: Kavya | C35: Brown | D35: Female | E35: Engineering | F35: Senior Developer | G35: 43112 | H35: 84000 | I35: 0 | J35: Average | K35: Chennai | L35: Active | M35: 9377679317 | N35: =B35&" "&C35 -> Kavya Brown | O35: =SUM(H35:I35) -> 84000 | P35: =DATEDIF(G35,TODAY(),"Y") -> 8 | Q35: =IF(H35>=100000,"A",IF(H35>=60000,"B","C")) -> B | R35: =IF(P35<3,"0-2 yrs",IF(P35<6,"3-5 yrs",IF(P35<9,"6-8 yrs","9+ yrs"))) -> 6-8 yrs | S35: =VLOOKUP(E35,Departments!$A$2:$D$6,3,FALSE) -> Anil Kumar | T35: =VLOOKUP(E35,Departments!$A$2:$D$6,4,FALSE) -> 15000000 | U35: =YEAR(G35) -> 2018
A36: E1035 | B36: Olivia | C36: Sharma | D36: Female | E36: Marketing | F36: SEO Specialist | G36: 43148 | H36: 46000 | I36: 0 | J36: Average | K36: Bangalore | L36: Active | M36: 9388754324 | N36: =B36&" "&C36 -> Olivia Sharma | O36: =SUM(H36:I36) -> 46000 | P36: =DATEDIF(G36,TODAY(),"Y") -> 8 | Q36: =IF(H36>=100000,"A",IF(H36>=60000,"B","C")) -> C | R36: =IF(P36<3,"0-2 yrs",IF(P36<6,"3-5 yrs",IF(P36<9,"6-8 yrs","9+ yrs"))) -> 6-8 yrs | S36: =VLOOKUP(E36,Departments!$A$2:$D$6,3,FALSE) -> David Miller | T36: =VLOOKUP(E36,Departments!$A$2:$D$6,4,FALSE) -> 7000000 | U36: =YEAR(G36) -> 2018
A37: E1036 | B37: Sneha | C37: Davis | D37: Female | E37: Finance | F37: Financial Analyst | G37: 42915 | H37: 101000 | I37: 0 | J37: Good | K37: Chennai | L37: Active | M37: No Phone | N37: =B37&" "&C37 -> Sneha Davis | O37: =SUM(H37:I37) -> 101000 | P37: =DATEDIF(G37,TODAY(),"Y") -> 9 | Q37: =IF(H37>=100000,"A",IF(H37>=60000,"B","C")) -> A | R37: =IF(P37<3,"0-2 yrs",IF(P37<6,"3-5 yrs",IF(P37<9,"6-8 yrs","9+ yrs"))) -> 9+ yrs | S37: =VLOOKUP(E37,Departments!$A$2:$D$6,3,FALSE) -> Suresh Menon | T37: =VLOOKUP(E37,Departments!$A$2:$D$6,4,FALSE) -> 8000000 | U37: =YEAR(G37) -> 2017
A38: E1037 | B38: Aarav | C38: Das | D38: Male | E38: Finance | F38: Finance Manager | G38: 42981 | H38: 91500 | I38: 0 | J38: Poor | K38: Mumbai | L38: Active | M38: 9434999291 | N38: =B38&" "&C38 -> Aarav Das | O38: =SUM(H38:I38) -> 91500 | P38: =DATEDIF(G38,TODAY(),"Y") -> 9 | Q38: =IF(H38>=100000,"A",IF(H38>=60000,"B","C")) -> B | R38: =IF(P38<3,"0-2 yrs",IF(P38<6,"3-5 yrs",IF(P38<9,"6-8 yrs","9+ yrs"))) -> 9+ yrs | S38: =VLOOKUP(E38,Departments!$A$2:$D$6,3,FALSE) -> Suresh Menon | T38: =VLOOKUP(E38,Departments!$A$2:$D$6,4,FALSE) -> 8000000 | U38: =YEAR(G38) -> 2017
A39: E1038 | B39: Meera | C39: Sharma | D39: Female | E39: Finance | F39: Finance Manager | G39: 42733 | H39: 89000 | I39: 0 | J39: Good | K39: Chennai | L39: Active | M39: 9116477768 | N39: =B39&" "&C39 -> Meera Sharma | O39: =SUM(H39:I39) -> 89000 | P39: =DATEDIF(G39,TODAY(),"Y") -> 9 | Q39: =IF(H39>=100000,"A",IF(H39>=60000,"B","C")) -> B | R39: =IF(P39<3,"0-2 yrs",IF(P39<6,"3-5 yrs",IF(P39<9,"6-8 yrs","9+ yrs"))) -> 9+ yrs | S39: =VLOOKUP(E39,Departments!$A$2:$D$6,3,FALSE) -> Suresh Menon | T39: =VLOOKUP(E39,Departments!$A$2:$D$6,4,FALSE) -> 8000000 | U39: =YEAR(G39) -> 2016
A40: E1039 | B40: Sanjay | C40: Brown | D40: Male | E40: HR | F40: HR Manager | G40: 43836 | H40: 51000 | I40: 0 | J40: Average | K40: Delhi | L40: Active | M40: 9686162372 | N40: =B40&" "&C40 -> Sanjay Brown | O40: =SUM(H40:I40) -> 51000 | P40: =DATEDIF(G40,TODAY(),"Y") -> 6 | Q40: =IF(H40>=100000,"A",IF(H40>=60000,"B","C")) -> C | R40: =IF(P40<3,"0-2 yrs",IF(P40<6,"3-5 yrs",IF(P40<9,"6-8 yrs","9+ yrs"))) -> 6-8 yrs | S40: =VLOOKUP(E40,Departments!$A$2:$D$6,3,FALSE) -> Rekha Iyer | T40: =VLOOKUP(E40,Departments!$A$2:$D$6,4,FALSE) -> 5000000 | U40: =YEAR(G40) -> 2020
A41: E1040 | B41: Rohan | C41: Reddy | D41: Male | E41: Marketing | F41: Marketing Analyst | G41: 45414 | H41: 53000 | I41: 0 | J41: Good | K41: Bangalore | L41: Active | M41: No Phone | N41: =B41&" "&C41 -> Rohan Reddy | O41: =SUM(H41:I41) -> 53000 | P41: =DATEDIF(G41,TODAY(),"Y") -> 2 | Q41: =IF(H41>=100000,"A",IF(H41>=60000,"B","C")) -> C | R41: =IF(P41<3,"0-2 yrs",IF(P41<6,"3-5 yrs",IF(P41<9,"6-8 yrs","9+ yrs"))) -> 0-2 yrs | S41: =VLOOKUP(E41,Departments!$A$2:$D$6,3,FALSE) -> David Miller | T41: =VLOOKUP(E41,Departments!$A$2:$D$6,4,FALSE) -> 7000000 | U41: =YEAR(G41) -> 2024
A42: E1041 | B42: Divya | C42: Das | D42: Female | E42: Sales | F42: Sales Executive | G42: 42351 | H42: 43500 | I42: 2200 | J42: Average | K42: Pune | L42: Active | M42: 9360074153 | N42: =B42&" "&C42 -> Divya Das | O42: =SUM(H42:I42) -> 45700 | P42: =DATEDIF(G42,TODAY(),"Y") -> 10 | Q42: =IF(H42>=100000,"A",IF(H42>=60000,"B","C")) -> C | R42: =IF(P42<3,"0-2 yrs",IF(P42<6,"3-5 yrs",IF(P42<9,"6-8 yrs","9+ yrs"))) -> 9+ yrs | S42: =VLOOKUP(E42,Departments!$A$2:$D$6,3,FALSE) -> Sunita Rao | T42: =VLOOKUP(E42,Departments!$A$2:$D$6,4,FALSE) -> 9000000 | U42: =YEAR(G42) -> 2015
A43: E1042 | B43: Vikram | C43: Mehta | D43: Male | E43: Marketing | F43: Marketing Analyst | G43: 42019 | H43: 69000 | I43: 0 | J43: Good | K43: Delhi | L43: Active | M43: 9447391878 | N43: =B43&" "&C43 -> Vikram Mehta | O43: =SUM(H43:I43) -> 69000 | P43: =DATEDIF(G43,TODAY(),"Y") -> 11 | Q43: =IF(H43>=100000,"A",IF(H43>=60000,"B","C")) -> B | R43: =IF(P43<3,"0-2 yrs",IF(P43<6,"3-5 yrs",IF(P43<9,"6-8 yrs","9+ yrs"))) -> 9+ yrs | S43: =VLOOKUP(E43,Departments!$A$2:$D$6,3,FALSE) -> David Miller | T43: =VLOOKUP(E43,Departments!$A$2:$D$6,4,FALSE) -> 7000000 | U43: =YEAR(G43) -> 2015
A44: E1043 | B44: Imran | C44: Sharma | D44: Male | E44: Sales | F44: Sales Executive | G44: 43378 | H44: 40000 | I44: 2000 | J44: Excellent | K44: Delhi | L44: Active | M44: 9366480598 | N44: =B44&" "&C44 -> Imran Sharma | O44: =SUM(H44:I44) -> 42000 | P44: =DATEDIF(G44,TODAY(),"Y") -> 8 | Q44: =IF(H44>=100000,"A",IF(H44>=60000,"B","C")) -> C | R44: =IF(P44<3,"0-2 yrs",IF(P44<6,"3-5 yrs",IF(P44<9,"6-8 yrs","9+ yrs"))) -> 6-8 yrs | S44: =VLOOKUP(E44,Departments!$A$2:$D$6,3,FALSE) -> Sunita Rao | T44: =VLOOKUP(E44,Departments!$A$2:$D$6,4,FALSE) -> 9000000 | U44: =YEAR(G44) -> 2018
A45: E1044 | B45: Vikram | C45: Reddy | D45: Male | E45: HR | F45: HR Manager | G45: 42175 | H45: 73500 | I45: 3700 | J45: Excellent | K45: Hyderabad | L45: Active | M45: 9728765263 | N45: =B45&" "&C45 -> Vikram Reddy | O45: =SUM(H45:I45) -> 77200 | P45: =DATEDIF(G45,TODAY(),"Y") -> 11 | Q45: =IF(H45>=100000,"A",IF(H45>=60000,"B","C")) -> B | R45: =IF(P45<3,"0-2 yrs",IF(P45<6,"3-5 yrs",IF(P45<9,"6-8 yrs","9+ yrs"))) -> 9+ yrs | S45: =VLOOKUP(E45,Departments!$A$2:$D$6,3,FALSE) -> Rekha Iyer | T45: =VLOOKUP(E45,Departments!$A$2:$D$6,4,FALSE) -> 5000000 | U45: =YEAR(G45) -> 2015
A46: E1045 | B46: Sophia | C46: Davis | D46: Female | E46: Marketing | F46: SEO Specialist | G46: 44029 | H46: 87000 | I46: 0 | J46: Good | K46: Hyderabad | L46: Active | M46: No Phone | N46: =B46&" "&C46 -> Sophia Davis | O46: =SUM(H46:I46) -> 87000 | P46: =DATEDIF(G46,TODAY(),"Y") -> 6 | Q46: =IF(H46>=100000,"A",IF(H46>=60000,"B","C")) -> B | R46: =IF(P46<3,"0-2 yrs",IF(P46<6,"3-5 yrs",IF(P46<9,"6-8 yrs","9+ yrs"))) -> 6-8 yrs | S46: =VLOOKUP(E46,Departments!$A$2:$D$6,3,FALSE) -> David Miller | T46: =VLOOKUP(E46,Departments!$A$2:$D$6,4,FALSE) -> 7000000 | U46: =YEAR(G46) -> 2020
A47: E1046 | B47: Lucas | C47: Mehta | D47: Male | E47: Finance | F47: Accountant | G47: 44070 | H47: 94500 | I47: 9400 | J47: Average | K47: Bangalore | L47: Active | M47: 9727131272 | N47: =B47&" "&C47 -> Lucas Mehta | O47: =SUM(H47:I47) -> 103900 | P47: =DATEDIF(G47,TODAY(),"Y") -> 6 | Q47: =IF(H47>=100000,"A",IF(H47>=60000,"B","C")) -> B | R47: =IF(P47<3,"0-2 yrs",IF(P47<6,"3-5 yrs",IF(P47<9,"6-8 yrs","9+ yrs"))) -> 6-8 yrs | S47: =VLOOKUP(E47,Departments!$A$2:$D$6,3,FALSE) -> Suresh Menon | T47: =VLOOKUP(E47,Departments!$A$2:$D$6,4,FALSE) -> 8000000 | U47: =YEAR(G47) -> 2020
A48: E1047 | B48: Vikram | C48: Mehta | D48: Male | E48: Marketing | F48: Content Writer | G48: 43547 | H48: 47000 | I48: 2400 | J48: Good | K48: Delhi | L48: Active | M48: 9830857592 | N48: =B48&" "&C48 -> Vikram Mehta | O48: =SUM(H48:I48) -> 49400 | P48: =DATEDIF(G48,TODAY(),"Y") -> 7 | Q48: =IF(H48>=100000,"A",IF(H48>=60000,"B","C")) -> C | R48: =IF(P48<3,"0-2 yrs",IF(P48<6,"3-5 yrs",IF(P48<9,"6-8 yrs","9+ yrs"))) -> 6-8 yrs | S48: =VLOOKUP(E48,Departments!$A$2:$D$6,3,FALSE) -> David Miller | T48: =VLOOKUP(E48,Departments!$A$2:$D$6,4,FALSE) -> 7000000 | U48: =YEAR(G48) -> 2019
A49: E1048 | B49: Amit | C49: Singh | D49: Male | E49: Engineering | F49: QA Engineer | G49: 44197 | H49: 126000 | I49: 0 | J49: Average | K49: Mumbai | L49: Active | M49: 9370790737 | N49: =B49&" "&C49 -> Amit Singh | O49: =SUM(H49:I49) -> 126000 | P49: =DATEDIF(G49,TODAY(),"Y") -> 5 | Q49: =IF(H49>=100000,"A",IF(H49>=60000,"B","C")) -> A | R49: =IF(P49<3,"0-2 yrs",IF(P49<6,"3-5 yrs",IF(P49<9,"6-8 yrs","9+ yrs"))) -> 3-5 yrs | S49: =VLOOKUP(E49,Departments!$A$2:$D$6,3,FALSE) -> Anil Kumar | T49: =VLOOKUP(E49,Departments!$A$2:$D$6,4,FALSE) -> 15000000 | U49: =YEAR(G49) -> 2021
A50: E1049 | B50: Rohan | C50: Khan | D50: Male | E50: HR | F50: HR Executive | G50: 45468 | H50: 67500 | I50: 3400 | J50: Excellent | K50: Chennai | L50: Resigned | M50: 9150194735 | N50: =B50&" "&C50 -> Rohan Khan | O50: =SUM(H50:I50) -> 70900 | P50: =DATEDIF(G50,TODAY(),"Y") -> 2 | Q50: =IF(H50>=100000,"A",IF(H50>=60000,"B","C")) -> B | R50: =IF(P50<3,"0-2 yrs",IF(P50<6,"3-5 yrs",IF(P50<9,"6-8 yrs","9+ yrs"))) -> 0-2 yrs | S50: =VLOOKUP(E50,Departments!$A$2:$D$6,3,FALSE) -> Rekha Iyer | T50: =VLOOKUP(E50,Departments!$A$2:$D$6,4,FALSE) -> 5000000 | U50: =YEAR(G50) -> 2024
A51: E1050 | B51: Imran | C51: Joshi | D51: Male | E51: Marketing | F51: SEO Specialist | G51: 45049 | H51: 82500 | I51: 0 | J51: Average | K51: Bangalore | L51: Active | M51: 9621621687 | N51: =B51&" "&C51 -> Imran Joshi | O51: =SUM(H51:I51) -> 82500 | P51: =DATEDIF(G51,TODAY(),"Y") -> 3 | Q51: =IF(H51>=100000,"A",IF(H51>=60000,"B","C")) -> B | R51: =IF(P51<3,"0-2 yrs",IF(P51<6,"3-5 yrs",IF(P51<9,"6-8 yrs","9+ yrs"))) -> 3-5 yrs | S51: =VLOOKUP(E51,Departments!$A$2:$D$6,3,FALSE) -> David Miller | T51: =VLOOKUP(E51,Departments!$A$2:$D$6,4,FALSE) -> 7000000 | U51: =YEAR(G51) -> 2023
A52: E1051 | B52: John | C52: Khan | D52: Male | E52: HR | F52: Recruiter | G52: 44908 | H52: 54000 | I52: 5400 | J52: Good | K52: Bangalore | L52: Active | M52: 9689566415 | N52: =B52&" "&C52 -> John Khan | O52: =SUM(H52:I52) -> 59400 | P52: =DATEDIF(G52,TODAY(),"Y") -> 3 | Q52: =IF(H52>=100000,"A",IF(H52>=60000,"B","C")) -> C | R52: =IF(P52<3,"0-2 yrs",IF(P52<6,"3-5 yrs",IF(P52<9,"6-8 yrs","9+ yrs"))) -> 3-5 yrs | S52: =VLOOKUP(E52,Departments!$A$2:$D$6,3,FALSE) -> Rekha Iyer | T52: =VLOOKUP(E52,Departments!$A$2:$D$6,4,FALSE) -> 5000000 | U52: =YEAR(G52) -> 2022
A53: E1052 | B53: Priya | C53: Khan | D53: Female | E53: Marketing | F53: Marketing Analyst | G53: 42318 | H53: 70000 | I53: 7000 | J53: Poor | K53: Chennai | L53: Active | M53: 9325310994 | N53: =B53&" "&C53 -> Priya Khan | O53: =SUM(H53:I53) -> 77000 | P53: =DATEDIF(G53,TODAY(),"Y") -> 10 | Q53: =IF(H53>=100000,"A",IF(H53>=60000,"B","C")) -> B | R53: =IF(P53<3,"0-2 yrs",IF(P53<6,"3-5 yrs",IF(P53<9,"6-8 yrs","9+ yrs"))) -> 9+ yrs | S53: =VLOOKUP(E53,Departments!$A$2:$D$6,3,FALSE) -> David Miller | T53: =VLOOKUP(E53,Departments!$A$2:$D$6,4,FALSE) -> 7000000 | U53: =YEAR(G53) -> 2015
A54: E1053 | B54: Vikram | C54: Johnson | D54: Male | E54: Finance | F54: Accountant | G54: 43477 | H54: 62000 | I54: 0 | J54: Average | K54: Pune | L54: Active | M54: 9220986608 | N54: =B54&" "&C54 -> Vikram Johnson | O54: =SUM(H54:I54) -> 62000 | P54: =DATEDIF(G54,TODAY(),"Y") -> 7 | Q54: =IF(H54>=100000,"A",IF(H54>=60000,"B","C")) -> B | R54: =IF(P54<3,"0-2 yrs",IF(P54<6,"3-5 yrs",IF(P54<9,"6-8 yrs","9+ yrs"))) -> 6-8 yrs | S54: =VLOOKUP(E54,Departments!$A$2:$D$6,3,FALSE) -> Suresh Menon | T54: =VLOOKUP(E54,Departments!$A$2:$D$6,4,FALSE) -> 8000000 | U54: =YEAR(G54) -> 2019
A55: E1054 | B55: Divya | C55: Johnson | D55: Female | E55: Engineering | F55: Tech Lead | G55: 42019 | H55: 81000 | I55: 4000 | J55: Average | K55: Delhi | L55: Active | M55: 9546871154 | N55: =B55&" "&C55 -> Divya Johnson | O55: =SUM(H55:I55) -> 85000 | P55: =DATEDIF(G55,TODAY(),"Y") -> 11 | Q55: =IF(H55>=100000,"A",IF(H55>=60000,"B","C")) -> B | R55: =IF(P55<3,"0-2 yrs",IF(P55<6,"3-5 yrs",IF(P55<9,"6-8 yrs","9+ yrs"))) -> 9+ yrs | S55: =VLOOKUP(E55,Departments!$A$2:$D$6,3,FALSE) -> Anil Kumar | T55: =VLOOKUP(E55,Departments!$A$2:$D$6,4,FALSE) -> 15000000 | U55: =YEAR(G55) -> 2015
A56: E1055 | B56: Mason | C56: Sharma | D56: Male | E56: Marketing | F56: SEO Specialist | G56: 43334 | H56: 40000 | I56: 0 | J56: Average | K56: Delhi | L56: Active | M56: 9865603224 | N56: =B56&" "&C56 -> Mason Sharma | O56: =SUM(H56:I56) -> 40000 | P56: =DATEDIF(G56,TODAY(),"Y") -> 8 | Q56: =IF(H56>=100000,"A",IF(H56>=60000,"B","C")) -> C | R56: =IF(P56<3,"0-2 yrs",IF(P56<6,"3-5 yrs",IF(P56<9,"6-8 yrs","9+ yrs"))) -> 6-8 yrs | S56: =VLOOKUP(E56,Departments!$A$2:$D$6,3,FALSE) -> David Miller | T56: =VLOOKUP(E56,Departments!$A$2:$D$6,4,FALSE) -> 7000000 | U56: =YEAR(G56) -> 2018
A57: E1056 | B57: Pooja | C57: Joshi | D57: Female | E57: Engineering | F57: Developer | G57: 43603 | H57: 111500 | I57: 11200 | J57: Excellent | K57: Bangalore | L57: Resigned | M57: 9151827478 | N57: =B57&" "&C57 -> Pooja Joshi | O57: =SUM(H57:I57) -> 122700 | P57: =DATEDIF(G57,TODAY(),"Y") -> 7 | Q57: =IF(H57>=100000,"A",IF(H57>=60000,"B","C")) -> A | R57: =IF(P57<3,"0-2 yrs",IF(P57<6,"3-5 yrs",IF(P57<9,"6-8 yrs","9+ yrs"))) -> 6-8 yrs | S57: =VLOOKUP(E57,Departments!$A$2:$D$6,3,FALSE) -> Anil Kumar | T57: =VLOOKUP(E57,Departments!$A$2:$D$6,4,FALSE) -> 15000000 | U57: =YEAR(G57) -> 2019
A58: E1057 | B58: Emma | C58: Sharma | D58: Female | E58: Sales | F58: Sales Lead | G58: 43093 | H58: 56500 | I58: 2800 | J58: Good | K58: Pune | L58: Active | M58: 9559290527 | N58: =B58&" "&C58 -> Emma Sharma | O58: =SUM(H58:I58) -> 59300 | P58: =DATEDIF(G58,TODAY(),"Y") -> 8 | Q58: =IF(H58>=100000,"A",IF(H58>=60000,"B","C")) -> C | R58: =IF(P58<3,"0-2 yrs",IF(P58<6,"3-5 yrs",IF(P58<9,"6-8 yrs","9+ yrs"))) -> 6-8 yrs | S58: =VLOOKUP(E58,Departments!$A$2:$D$6,3,FALSE) -> Sunita Rao | T58: =VLOOKUP(E58,Departments!$A$2:$D$6,4,FALSE) -> 9000000 | U58: =YEAR(G58) -> 2017
... A61: E1060 | B61: Meera | C61: Taylor | D61: Female | E61: Finance | F61: Finance Manager | G61: 43620 | H61: 89000 | I61: 0 | J61: Good | K61: Mumbai | L61: Active | M61: 9971692124 | N61: =B61&" "&C61 -> Meera Taylor | O61: =SUM(H61:I61) -> 89000 | P61: =DATEDIF(G61,TODAY(),"Y") -> 7 | Q61: =IF(H61>=100000,"A",IF(H61>=60000,"B","C")) -> B | R61: =IF(P61<3,"0-2 yrs",IF(P61<6,"3-5 yrs",IF(P61<9,"6-8 yrs","9+ yrs"))) -> 6-8 yrs | S61: =VLOOKUP(E61,Departments!$A$2:$D$6,3,FALSE) -> Suresh Menon | T61: =VLOOKUP(E61,Departments!$A$2:$D$6,4,FALSE) -> 8000000 | U61: =YEAR(G61) -> 2019
A62: E1061 | B62: Mia | C62: Smith | D62: Female | E62: Marketing | F62: SEO Specialist | G62: 43848 | H62: 90000 | I62: 4500 | J62: Excellent | K62: Bangalore | L62: Active | M62: No Phone | N62: =B62&" "&C62 -> Mia Smith | O62: =SUM(H62:I62) -> 94500 | P62: =DATEDIF(G62,TODAY(),"Y") -> 6 | Q62: =IF(H62>=100000,"A",IF(H62>=60000,"B","C")) -> B | R62: =IF(P62<3,"0-2 yrs",IF(P62<6,"3-5 yrs",IF(P62<9,"6-8 yrs","9+ yrs"))) -> 6-8 yrs | S62: =VLOOKUP(E62,Departments!$A$2:$D$6,3,FALSE) -> David Miller | T62: =VLOOKUP(E62,Departments!$A$2:$D$6,4,FALSE) -> 7000000 | U62: =YEAR(G62) -> 2020
A63: E1062 | B63: Neha | C63: Davis | D63: Female | E63: Marketing | F63: SEO Specialist | G63: 45320 | H63: 57000 | I63: 5700 | J63: Good | K63: Chennai | L63: Active | M63: 9511069044 | N63: =B63&" "&C63 -> Neha Davis | O63: =SUM(H63:I63) -> 62700 | P63: =DATEDIF(G63,TODAY(),"Y") -> 2 | Q63: =IF(H63>=100000,"A",IF(H63>=60000,"B","C")) -> C | R63: =IF(P63<3,"0-2 yrs",IF(P63<6,"3-5 yrs",IF(P63<9,"6-8 yrs","9+ yrs"))) -> 0-2 yrs | S63: =VLOOKUP(E63,Departments!$A$2:$D$6,3,FALSE) -> David Miller | T63: =VLOOKUP(E63,Departments!$A$2:$D$6,4,FALSE) -> 7000000 | U63: =YEAR(G63) -> 2024
A64: E1063 | B64: Karan | C64: Khan | D64: Male | E64: Marketing | F64: Marketing Analyst | G64: 45085 | H64: 62000 | I64: 0 | J64: Good | K64: Delhi | L64: Active | M64: 9837395613 | N64: =B64&" "&C64 -> Karan Khan | O64: =SUM(H64:I64) -> 62000 | P64: =DATEDIF(G64,TODAY(),"Y") -> 3 | Q64: =IF(H64>=100000,"A",IF(H64>=60000,"B","C")) -> B | R64: =IF(P64<3,"0-2 yrs",IF(P64<6,"3-5 yrs",IF(P64<9,"6-8 yrs","9+ yrs"))) -> 3-5 yrs | S64: =VLOOKUP(E64,Departments!$A$2:$D$6,3,FALSE) -> David Miller | T64: =VLOOKUP(E64,Departments!$A$2:$D$6,4,FALSE) -> 7000000 | U64: =YEAR(G64) -> 2023
A65: E1064 | B65: Karan | C65: Reddy | D65: Male | E65: HR | F65: HR Executive | G65: 43831 | H65: 77500 | I65: 3900 | J65: Poor | K65: Pune | L65: Active | M65: 9123418862 | N65: =B65&" "&C65 -> Karan Reddy | O65: =SUM(H65:I65) -> 81400 | P65: =DATEDIF(G65,TODAY(),"Y") -> 6 | Q65: =IF(H65>=100000,"A",IF(H65>=60000,"B","C")) -> B | R65: =IF(P65<3,"0-2 yrs",IF(P65<6,"3-5 yrs",IF(P65<9,"6-8 yrs","9+ yrs"))) -> 6-8 yrs | S65: =VLOOKUP(E65,Departments!$A$2:$D$6,3,FALSE) -> Rekha Iyer | T65: =VLOOKUP(E65,Departments!$A$2:$D$6,4,FALSE) -> 5000000 | U65: =YEAR(G65) -> 2020
A66: E1065 | B66: Riya | C66: Wilson | D66: Female | E66: HR | F66: HR Executive | G66: 42304 | H66: 35000 | I66: 1800 | J66: Poor | K66: Bangalore | L66: Resigned | M66: 9602673754 | N66: =B66&" "&C66 -> Riya Wilson | O66: =SUM(H66:I66) -> 36800 | P66: =DATEDIF(G66,TODAY(),"Y") -> 11 | Q66: =IF(H66>=100000,"A",IF(H66>=60000,"B","C")) -> C | R66: =IF(P66<3,"0-2 yrs",IF(P66<6,"3-5 yrs",IF(P66<9,"6-8 yrs","9+ yrs"))) -> 9+ yrs | S66: =VLOOKUP(E66,Departments!$A$2:$D$6,3,FALSE) -> Rekha Iyer | T66: =VLOOKUP(E66,Departments!$A$2:$D$6,4,FALSE) -> 5000000 | U66: =YEAR(G66) -> 2015
A67: E1066 | B67: Vikram | C67: Wilson | D67: Male | E67: Sales | F67: Sales Executive | G67: 44798 | H67: 74000 | I67: 0 | J67: Poor | K67: Chennai | L67: Active | M67: 9921198328 | N67: =B67&" "&C67 -> Vikram Wilson | O67: =SUM(H67:I67) -> 74000 | P67: =DATEDIF(G67,TODAY(),"Y") -> 4 | Q67: =IF(H67>=100000,"A",IF(H67>=60000,"B","C")) -> B | R67: =IF(P67<3,"0-2 yrs",IF(P67<6,"3-5 yrs",IF(P67<9,"6-8 yrs","9+ yrs"))) -> 3-5 yrs | S67: =VLOOKUP(E67,Departments!$A$2:$D$6,3,FALSE) -> Sunita Rao | T67: =VLOOKUP(E67,Departments!$A$2:$D$6,4,FALSE) -> 9000000 | U67: =YEAR(G67) -> 2022
A68: E1067 | B68: Aarav | C68: Joshi | D68: Male | E68: Sales | F68: Sales Lead | G68: 44337 | H68: 55000 | I68: 0 | J68: Average | K68: Hyderabad | L68: Active | M68: No Phone | N68: =B68&" "&C68 -> Aarav Joshi | O68: =SUM(H68:I68) -> 55000 | P68: =DATEDIF(G68,TODAY(),"Y") -> 5 | Q68: =IF(H68>=100000,"A",IF(H68>=60000,"B","C")) -> C | R68: =IF(P68<3,"0-2 yrs",IF(P68<6,"3-5 yrs",IF(P68<9,"6-8 yrs","9+ yrs"))) -> 3-5 yrs | S68: =VLOOKUP(E68,Departments!$A$2:$D$6,3,FALSE) -> Sunita Rao | T68: =VLOOKUP(E68,Departments!$A$2:$D$6,4,FALSE) -> 9000000 | U68: =YEAR(G68) -> 2021
A69: E1068 | B69: Olivia | C69: Sharma | D69: Female | E69: Engineering | F69: Developer | G69: 42293 | H69: 73000 | I69: 0 | J69: Good | K69: Chennai | L69: Active | M69: 9340070455 | N69: =B69&" "&C69 -> Olivia Sharma | O69: =SUM(H69:I69) -> 73000 | P69: =DATEDIF(G69,TODAY(),"Y") -> 11 | Q69: =IF(H69>=100000,"A",IF(H69>=60000,"B","C")) -> B | R69: =IF(P69<3,"0-2 yrs",IF(P69<6,"3-5 yrs",IF(P69<9,"6-8 yrs","9+ yrs"))) -> 9+ yrs | S69: =VLOOKUP(E69,Departments!$A$2:$D$6,3,FALSE) -> Anil Kumar | T69: =VLOOKUP(E69,Departments!$A$2:$D$6,4,FALSE) -> 15000000 | U69: =YEAR(G69) -> 2015
A70: E1069 | B70: Meera | C70: Das | D70: Female | E70: Marketing | F70: Marketing Analyst | G70: 44645 | H70: 60500 | I70: 0 | J70: Good | K70: Bangalore | L70: Active | M70: 9542177781 | N70: =B70&" "&C70 -> Meera Das | O70: =SUM(H70:I70) -> 60500 | P70: =DATEDIF(G70,TODAY(),"Y") -> 4 | Q70: =IF(H70>=100000,"A",IF(H70>=60000,"B","C")) -> B | R70: =IF(P70<3,"0-2 yrs",IF(P70<6,"3-5 yrs",IF(P70<9,"6-8 yrs","9+ yrs"))) -> 3-5 yrs | S70: =VLOOKUP(E70,Departments!$A$2:$D$6,3,FALSE) -> David Miller | T70: =VLOOKUP(E70,Departments!$A$2:$D$6,4,FALSE) -> 7000000 | U70: =YEAR(G70) -> 2022
A71: E1070 | B71: Amit | C71: Smith | D71: Male | E71: HR | F71: HR Manager | G71: 43058 | H71: 40500 | I71: 0 | J71: Average | K71: Pune | L71: Resigned | M71: 9136611830 | N71: =B71&" "&C71 -> Amit Smith | O71: =SUM(H71:I71) -> 40500 | P71: =DATEDIF(G71,TODAY(),"Y") -> 8 | Q71: =IF(H71>=100000,"A",IF(H71>=60000,"B","C")) -> C | R71: =IF(P71<3,"0-2 yrs",IF(P71<6,"3-5 yrs",IF(P71<9,"6-8 yrs","9+ yrs"))) -> 6-8 yrs | S71: =VLOOKUP(E71,Departments!$A$2:$D$6,3,FALSE) -> Rekha Iyer | T71: =VLOOKUP(E71,Departments!$A$2:$D$6,4,FALSE) -> 5000000 | U71: =YEAR(G71) -> 2017
A72: E1071 | B72: Emma | C72: Das | D72: Female | E72: HR | F72: HR Executive | G72: 42032 | H72: 48000 | I72: 0 | J72: Average | K72: Mumbai | L72: Active | M72: 9315192683 | N72: =B72&" "&C72 -> Emma Das | O72: =SUM(H72:I72) -> 48000 | P72: =DATEDIF(G72,TODAY(),"Y") -> 11 | Q72: =IF(H72>=100000,"A",IF(H72>=60000,"B","C")) -> C | R72: =IF(P72<3,"0-2 yrs",IF(P72<6,"3-5 yrs",IF(P72<9,"6-8 yrs","9+ yrs"))) -> 9+ yrs | S72: =VLOOKUP(E72,Departments!$A$2:$D$6,3,FALSE) -> Rekha Iyer | T72: =VLOOKUP(E72,Departments!$A$2:$D$6,4,FALSE) -> 5000000 | U72: =YEAR(G72) -> 2015
A73: E1072 | B73: Neha | C73: Taylor | D73: Female | E73: Marketing | F73: Content Writer | G73: 43213 | H73: 90000 | I73: 0 | J73: Poor | K73: Hyderabad | L73: Active | M73: 9339792468 | N73: =B73&" "&C73 -> Neha Taylor | O73: =SUM(H73:I73) -> 90000 | P73: =DATEDIF(G73,TODAY(),"Y") -> 8 | Q73: =IF(H73>=100000,"A",IF(H73>=60000,"B","C")) -> B | R73: =IF(P73<3,"0-2 yrs",IF(P73<6,"3-5 yrs",IF(P73<9,"6-8 yrs","9+ yrs"))) -> 6-8 yrs | S73: =VLOOKUP(E73,Departments!$A$2:$D$6,3,FALSE) -> David Miller | T73: =VLOOKUP(E73,Departments!$A$2:$D$6,4,FALSE) -> 7000000 | U73: =YEAR(G73) -> 2018
A74: E1073 | B74: Nikhil | C74: Patel | D74: Male | E74: Sales | F74: Sales Executive | G74: 42227 | H74: 66000 | I74: 0 | J74: Excellent | K74: Pune | L74: Active | M74: 9862204860 | N74: =B74&" "&C74 -> Nikhil Patel | O74: =SUM(H74:I74) -> 66000 | P74: =DATEDIF(G74,TODAY(),"Y") -> 11 | Q74: =IF(H74>=100000,"A",IF(H74>=60000,"B","C")) -> B | R74: =IF(P74<3,"0-2 yrs",IF(P74<6,"3-5 yrs",IF(P74<9,"6-8 yrs","9+ yrs"))) -> 9+ yrs | S74: =VLOOKUP(E74,Departments!$A$2:$D$6,3,FALSE) -> Sunita Rao | T74: =VLOOKUP(E74,Departments!$A$2:$D$6,4,FALSE) -> 9000000 | U74: =YEAR(G74) -> 2015
A75: E1074 | B75: Mia | C75: Wilson | D75: Female | E75: Marketing | F75: Marketing Analyst | G75: 42468 | H75: 88000 | I75: 0 | J75: Poor | K75: Delhi | L75: Active | M75: 9663497104 | N75: =B75&" "&C75 -> Mia Wilson | O75: =SUM(H75:I75) -> 88000 | P75: =DATEDIF(G75,TODAY(),"Y") -> 10 | Q75: =IF(H75>=100000,"A",IF(H75>=60000,"B","C")) -> B | R75: =IF(P75<3,"0-2 yrs",IF(P75<6,"3-5 yrs",IF(P75<9,"6-8 yrs","9+ yrs"))) -> 9+ yrs | S75: =VLOOKUP(E75,Departments!$A$2:$D$6,3,FALSE) -> David Miller | T75: =VLOOKUP(E75,Departments!$A$2:$D$6,4,FALSE) -> 7000000 | U75: =YEAR(G75) -> 2016
A76: E1075 | B76: Ava | C76: Davis | D76: Female | E76: Marketing | F76: Marketing Analyst | G76: 43817 | H76: 61500 | I76: 0 | J76: Excellent | K76: Chennai | L76: Active | M76: No Phone | N76: =B76&" "&C76 -> Ava Davis | O76: =SUM(H76:I76) -> 61500 | P76: =DATEDIF(G76,TODAY(),"Y") -> 6 | Q76: =IF(H76>=100000,"A",IF(H76>=60000,"B","C")) -> B | R76: =IF(P76<3,"0-2 yrs",IF(P76<6,"3-5 yrs",IF(P76<9,"6-8 yrs","9+ yrs"))) -> 6-8 yrs | S76: =VLOOKUP(E76,Departments!$A$2:$D$6,3,FALSE) -> David Miller | T76: =VLOOKUP(E76,Departments!$A$2:$D$6,4,FALSE) -> 7000000 | U76: =YEAR(G76) -> 2019
A77: E1076 | B77: Karan | C77: Taylor | D77: Male | E77: Marketing | F77: Marketing Analyst | G77: 45370 | H77: 90500 | I77: 0 | J77: Average | K77: Delhi | L77: Active | M77: No Phone | N77: =B77&" "&C77 -> Karan Taylor | O77: =SUM(H77:I77) -> 90500 | P77: =DATEDIF(G77,TODAY(),"Y") -> 2 | Q77: =IF(H77>=100000,"A",IF(H77>=60000,"B","C")) -> B | R77: =IF(P77<3,"0-2 yrs",IF(P77<6,"3-5 yrs",IF(P77<9,"6-8 yrs","9+ yrs"))) -> 0-2 yrs | S77: =VLOOKUP(E77,Departments!$A$2:$D$6,3,FALSE) -> David Miller | T77: =VLOOKUP(E77,Departments!$A$2:$D$6,4,FALSE) -> 7000000 | U77: =YEAR(G77) -> 2024
A78: E1077 | B78: Neha | C78: Brown | D78: Female | E78: Marketing | F78: Marketing Analyst | G78: 45025 | H78: 64000 | I78: 3200 | J78: Excellent | K78: Pune | L78: Active | M78: 9923203499 | N78: =B78&" "&C78 -> Neha Brown | O78: =SUM(H78:I78) -> 67200 | P78: =DATEDIF(G78,TODAY(),"Y") -> 3 | Q78: =IF(H78>=100000,"A",IF(H78>=60000,"B","C")) -> B | R78: =IF(P78<3,"0-2 yrs",IF(P78<6,"3-5 yrs",IF(P78<9,"6-8 yrs","9+ yrs"))) -> 3-5 yrs | S78: =VLOOKUP(E78,Departments!$A$2:$D$6,3,FALSE) -> David Miller | T78: =VLOOKUP(E78,Departments!$A$2:$D$6,4,FALSE) -> 7000000 | U78: =YEAR(G78) -> 2023
A79: E1078 | B79: Amit | C79: Smith | D79: Male | E79: Engineering | F79: Developer | G79: 43057 | H79: 68000 | I79: 0 | J79: Average | K79: Delhi | L79: Resigned | M79: 9392395645 | N79: =B79&" "&C79 -> Amit Smith | O79: =SUM(H79:I79) -> 68000 | P79: =DATEDIF(G79,TODAY(),"Y") -> 8 | Q79: =IF(H79>=100000,"A",IF(H79>=60000,"B","C")) -> B | R79: =IF(P79<3,"0-2 yrs",IF(P79<6,"3-5 yrs",IF(P79<9,"6-8 yrs","9+ yrs"))) -> 6-8 yrs | S79: =VLOOKUP(E79,Departments!$A$2:$D$6,3,FALSE) -> Anil Kumar | T79: =VLOOKUP(E79,Departments!$A$2:$D$6,4,FALSE) -> 15000000 | U79: =YEAR(G79) -> 2017
A80: E1079 | B80: Mia | C80: Mehta | D80: Female | E80: Marketing | F80: Marketing Analyst | G80: 42020 | H80: 59500 | I80: 6000 | J80: Average | K80: Pune | L80: Active | M80: 9126045435 | N80: =B80&" "&C80 -> Mia Mehta | O80: =SUM(H80:I80) -> 65500 | P80: =DATEDIF(G80,TODAY(),"Y") -> 11 | Q80: =IF(H80>=100000,"A",IF(H80>=60000,"B","C")) -> C | R80: =IF(P80<3,"0-2 yrs",IF(P80<6,"3-5 yrs",IF(P80<9,"6-8 yrs","9+ yrs"))) -> 9+ yrs | S80: =VLOOKUP(E80,Departments!$A$2:$D$6,3,FALSE) -> David Miller | T80: =VLOOKUP(E80,Departments!$A$2:$D$6,4,FALSE) -> 7000000 | U80: =YEAR(G80) -> 2015
A81: E1080 | B81: Sophia | C81: Das | D81: Female | E81: HR | F81: HR Manager | G81: 43766 | H81: 51500 | I81: 2600 | J81: Excellent | K81: Mumbai | L81: Active | M81: No Phone | N81: =B81&" "&C81 -> Sophia Das | O81: =SUM(H81:I81) -> 54100 | P81: =DATEDIF(G81,TODAY(),"Y") -> 6 | Q81: =IF(H81>=100000,"A",IF(H81>=60000,"B","C")) -> C | R81: =IF(P81<3,"0-2 yrs",IF(P81<6,"3-5 yrs",IF(P81<9,"6-8 yrs","9+ yrs"))) -> 6-8 yrs | S81: =VLOOKUP(E81,Departments!$A$2:$D$6,3,FALSE) -> Rekha Iyer | T81: =VLOOKUP(E81,Departments!$A$2:$D$6,4,FALSE) -> 5000000 | U81: =YEAR(G81) -> 2019
A82: E1081 | B82: Imran | C82: Davis | D82: Male | E82: Marketing | F82: Marketing Analyst | G82: 43487 | H82: 70000 | I82: 7000 | J82: Excellent | K82: Hyderabad | L82: Active | M82: 9365544423 | N82: =B82&" "&C82 -> Imran Davis | O82: =SUM(H82:I82) -> 77000 | P82: =DATEDIF(G82,TODAY(),"Y") -> 7 | Q82: =IF(H82>=100000,"A",IF(H82>=60000,"B","C")) -> B | R82: =IF(P82<3,"0-2 yrs",IF(P82<6,"3-5 yrs",IF(P82<9,"6-8 yrs","9+ yrs"))) -> 6-8 yrs | S82: =VLOOKUP(E82,Departments!$A$2:$D$6,3,FALSE) -> David Miller | T82: =VLOOKUP(E82,Departments!$A$2:$D$6,4,FALSE) -> 7000000 | U82: =YEAR(G82) -> 2019
A83: E1082 | B83: Amit | C83: Singh | D83: Male | E83: Finance | F83: Accountant | G83: 43339 | H83: 80500 | I83: 0 | J83: Poor | K83: Bangalore | L83: Resigned | M83: 9384424887 | N83: =B83&" "&C83 -> Amit Singh | O83: =SUM(H83:I83) -> 80500 | P83: =DATEDIF(G83,TODAY(),"Y") -> 8 | Q83: =IF(H83>=100000,"A",IF(H83>=60000,"B","C")) -> B | R83: =IF(P83<3,"0-2 yrs",IF(P83<6,"3-5 yrs",IF(P83<9,"6-8 yrs","9+ yrs"))) -> 6-8 yrs | S83: =VLOOKUP(E83,Departments!$A$2:$D$6,3,FALSE) -> Suresh Menon | T83: =VLOOKUP(E83,Departments!$A$2:$D$6,4,FALSE) -> 8000000 | U83: =YEAR(G83) -> 2018
A84: E1083 | B84: Meera | C84: Gupta | D84: Female | E84: HR | F84: Recruiter | G84: 42964 | H84: 46500 | I84: 0 | J84: Good | K84: Delhi | L84: Active | M84: 9903134235 | N84: =B84&" "&C84 -> Meera Gupta | O84: =SUM(H84:I84) -> 46500 | P84: =DATEDIF(G84,TODAY(),"Y") -> 9 | Q84: =IF(H84>=100000,"A",IF(H84>=60000,"B","C")) -> C | R84: =IF(P84<3,"0-2 yrs",IF(P84<6,"3-5 yrs",IF(P84<9,"6-8 yrs","9+ yrs"))) -> 9+ yrs | S84: =VLOOKUP(E84,Departments!$A$2:$D$6,3,FALSE) -> Rekha Iyer | T84: =VLOOKUP(E84,Departments!$A$2:$D$6,4,FALSE) -> 5000000 | U84: =YEAR(G84) -> 2017
A85: E1084 | B85: Riya | C85: Das | D85: Female | E85: Marketing | F85: SEO Specialist | G85: 43045 | H85: 64500 | I85: 0 | J85: Good | K85: Mumbai | L85: Active | M85: 9264628456 | N85: =B85&" "&C85 -> Riya Das | O85: =SUM(H85:I85) -> 64500 | P85: =DATEDIF(G85,TODAY(),"Y") -> 8 | Q85: =IF(H85>=100000,"A",IF(H85>=60000,"B","C")) -> B | R85: =IF(P85<3,"0-2 yrs",IF(P85<6,"3-5 yrs",IF(P85<9,"6-8 yrs","9+ yrs"))) -> 6-8 yrs | S85: =VLOOKUP(E85,Departments!$A$2:$D$6,3,FALSE) -> David Miller | T85: =VLOOKUP(E85,Departments!$A$2:$D$6,4,FALSE) -> 7000000 | U85: =YEAR(G85) -> 2017
A86: E1085 | B86: Sneha | C86: Wilson | D86: Female | E86: HR | F86: HR Executive | G86: 43012 | H86: 51500 | I86: 5200 | J86: Good | K86: Bangalore | L86: Active | M86: No Phone | N86: =B86&" "&C86 -> Sneha Wilson | O86: =SUM(H86:I86) -> 56700 | P86: =DATEDIF(G86,TODAY(),"Y") -> 9 | Q86: =IF(H86>=100000,"A",IF(H86>=60000,"B","C")) -> C | R86: =IF(P86<3,"0-2 yrs",IF(P86<6,"3-5 yrs",IF(P86<9,"6-8 yrs","9+ yrs"))) -> 9+ yrs | S86: =VLOOKUP(E86,Departments!$A$2:$D$6,3,FALSE) -> Rekha Iyer | T86: =VLOOKUP(E86,Departments!$A$2:$D$6,4,FALSE) -> 5000000 | U86: =YEAR(G86) -> 2017
A87: E1086 | B87: Amit | C87: Khan | D87: Male | E87: Sales | F87: Sales Lead | G87: 43841 | H87: 95000 | I87: 0 | J87: Excellent | K87: Chennai | L87: Active | M87: No Phone | N87: =B87&" "&C87 -> Amit Khan | O87: =SUM(H87:I87) -> 95000 | P87: =DATEDIF(G87,TODAY(),"Y") -> 6 | Q87: =IF(H87>=100000,"A",IF(H87>=60000,"B","C")) -> B | R87: =IF(P87<3,"0-2 yrs",IF(P87<6,"3-5 yrs",IF(P87<9,"6-8 yrs","9+ yrs"))) -> 6-8 yrs | S87: =VLOOKUP(E87,Departments!$A$2:$D$6,3,FALSE) -> Sunita Rao | T87: =VLOOKUP(E87,Departments!$A$2:$D$6,4,FALSE) -> 9000000 | U87: =YEAR(G87) -> 2020
A88: E1087 | B88: Lucas | C88: Gupta | D88: Male | E88: Engineering | F88: QA Engineer | G88: 44104 | H88: 109000 | I88: 0 | J88: Good | K88: Mumbai | L88: Active | M88: 9106807008 | N88: =B88&" "&C88 -> Lucas Gupta | O88: =SUM(H88:I88) -> 109000 | P88: =DATEDIF(G88,TODAY(),"Y") -> 6 | Q88: =IF(H88>=100000,"A",IF(H88>=60000,"B","C")) -> A | R88: =IF(P88<3,"0-2 yrs",IF(P88<6,"3-5 yrs",IF(P88<9,"6-8 yrs","9+ yrs"))) -> 6-8 yrs | S88: =VLOOKUP(E88,Departments!$A$2:$D$6,3,FALSE) -> Anil Kumar | T88: =VLOOKUP(E88,Departments!$A$2:$D$6,4,FALSE) -> 15000000 | U88: =YEAR(G88) -> 2020
A89: E1088 | B89: Imran | C89: Sharma | D89: Male | E89: Marketing | F89: Content Writer | G89: 42185 | H89: 49500 | I89: 0 | J89: Poor | K89: Pune | L89: Active | M89: 9318443959 | N89: =B89&" "&C89 -> Imran Sharma | O89: =SUM(H89:I89) -> 49500 | P89: =DATEDIF(G89,TODAY(),"Y") -> 11 | Q89: =IF(H89>=100000,"A",IF(H89>=60000,"B","C")) -> C | R89: =IF(P89<3,"0-2 yrs",IF(P89<6,"3-5 yrs",IF(P89<9,"6-8 yrs","9+ yrs"))) -> 9+ yrs | S89: =VLOOKUP(E89,Departments!$A$2:$D$6,3,FALSE) -> David Miller | T89: =VLOOKUP(E89,Departments!$A$2:$D$6,4,FALSE) -> 7000000 | U89: =YEAR(G89) -> 2015
A90: E1089 | B90: Ananya | C90: Gupta | D90: Female | E90: Finance | F90: Financial Analyst | G90: 42324 | H90: 65500 | I90: 0 | J90: Excellent | K90: Hyderabad | L90: Active | M90: 9538269252 | N90: =B90&" "&C90 -> Ananya Gupta | O90: =SUM(H90:I90) -> 65500 | P90: =DATEDIF(G90,TODAY(),"Y") -> 10 | Q90: =IF(H90>=100000,"A",IF(H90>=60000,"B","C")) -> B | R90: =IF(P90<3,"0-2 yrs",IF(P90<6,"3-5 yrs",IF(P90<9,"6-8 yrs","9+ yrs"))) -> 9+ yrs | S90: =VLOOKUP(E90,Departments!$A$2:$D$6,3,FALSE) -> Suresh Menon | T90: =VLOOKUP(E90,Departments!$A$2:$D$6,4,FALSE) -> 8000000 | U90: =YEAR(G90) -> 2015
A91: E1090 | B91: John | C91: Das | D91: Male | E91: Finance | F91: Financial Analyst | G91: 44679 | H91: 51000 | I91: 0 | J91: Good | K91: Bangalore | L91: Active | M91: 9817056539 | N91: =B91&" "&C91 -> John Das | O91: =SUM(H91:I91) -> 51000 | P91: =DATEDIF(G91,TODAY(),"Y") -> 4 | Q91: =IF(H91>=100000,"A",IF(H91>=60000,"B","C")) -> C | R91: =IF(P91<3,"0-2 yrs",IF(P91<6,"3-5 yrs",IF(P91<9,"6-8 yrs","9+ yrs"))) -> 3-5 yrs | S91: =VLOOKUP(E91,Departments!$A$2:$D$6,3,FALSE) -> Suresh Menon | T91: =VLOOKUP(E91,Departments!$A$2:$D$6,4,FALSE) -> 8000000 | U91: =YEAR(G91) -> 2022
A92: E1091 | B92: Olivia | C92: Khan | D92: Female | E92: Finance | F92: Financial Analyst | G92: 43468 | H92: 103000 | I92: 5200 | J92: Good | K92: Hyderabad | L92: Resigned | M92: 9490607273 | N92: =B92&" "&C92 -> Olivia Khan | O92: =SUM(H92:I92) -> 108200 | P92: =DATEDIF(G92,TODAY(),"Y") -> 7 | Q92: =IF(H92>=100000,"A",IF(H92>=60000,"B","C")) -> A | R92: =IF(P92<3,"0-2 yrs",IF(P92<6,"3-5 yrs",IF(P92<9,"6-8 yrs","9+ yrs"))) -> 6-8 yrs | S92: =VLOOKUP(E92,Departments!$A$2:$D$6,3,FALSE) -> Suresh Menon | T92: =VLOOKUP(E92,Departments!$A$2:$D$6,4,FALSE) -> 8000000 | U92: =YEAR(G92) -> 2019
A93: E1092 | B93: Neha | C93: Wilson | D93: Female | E93: Engineering | F93: Senior Developer | G93: 42646 | H93: 117000 | I93: 5800 | J93: Excellent | K93: Mumbai | L93: Active | M93: 9491622763 | N93: =B93&" "&C93 -> Neha Wilson | O93: =SUM(H93:I93) -> 122800 | P93: =DATEDIF(G93,TODAY(),"Y") -> 10 | Q93: =IF(H93>=100000,"A",IF(H93>=60000,"B","C")) -> A | R93: =IF(P93<3,"0-2 yrs",IF(P93<6,"3-5 yrs",IF(P93<9,"6-8 yrs","9+ yrs"))) -> 9+ yrs | S93: =VLOOKUP(E93,Departments!$A$2:$D$6,3,FALSE) -> Anil Kumar | T93: =VLOOKUP(E93,Departments!$A$2:$D$6,4,FALSE) -> 15000000 | U93: =YEAR(G93) -> 2016
A94: E1093 | B94: Aarav | C94: Nair | D94: Male | E94: Finance | F94: Accountant | G94: 44629 | H94: 54500 | I94: 2700 | J94: Excellent | K94: Delhi | L94: Active | M94: 9641663093 | N94: =B94&" "&C94 -> Aarav Nair | O94: =SUM(H94:I94) -> 57200 | P94: =DATEDIF(G94,TODAY(),"Y") -> 4 | Q94: =IF(H94>=100000,"A",IF(H94>=60000,"B","C")) -> C | R94: =IF(P94<3,"0-2 yrs",IF(P94<6,"3-5 yrs",IF(P94<9,"6-8 yrs","9+ yrs"))) -> 3-5 yrs | S94: =VLOOKUP(E94,Departments!$A$2:$D$6,3,FALSE) -> Suresh Menon | T94: =VLOOKUP(E94,Departments!$A$2:$D$6,4,FALSE) -> 8000000 | U94: =YEAR(G94) -> 2022
A95: E1094 | B95: Ananya | C95: Khan | D95: Female | E95: Finance | F95: Financial Analyst | G95: 42279 | H95: 56500 | I95: 0 | J95: Good | K95: Mumbai | L95: Active | M95: 9964050516 | N95: =B95&" "&C95 -> Ananya Khan | O95: =SUM(H95:I95) -> 56500 | P95: =DATEDIF(G95,TODAY(),"Y") -> 11 | Q95: =IF(H95>=100000,"A",IF(H95>=60000,"B","C")) -> C | R95: =IF(P95<3,"0-2 yrs",IF(P95<6,"3-5 yrs",IF(P95<9,"6-8 yrs","9+ yrs"))) -> 9+ yrs | S95: =VLOOKUP(E95,Departments!$A$2:$D$6,3,FALSE) -> Suresh Menon | T95: =VLOOKUP(E95,Departments!$A$2:$D$6,4,FALSE) -> 8000000 | U95: =YEAR(G95) -> 2015
A96: E1095 | B96: Lucas | C96: Nair | D96: Male | E96: HR | F96: HR Manager | G96: 42223 | H96: 55500 | I96: 5600 | J96: Poor | K96: Mumbai | L96: Active | M96: 9766088191 | N96: =B96&" "&C96 -> Lucas Nair | O96: =SUM(H96:I96) -> 61100 | P96: =DATEDIF(G96,TODAY(),"Y") -> 11 | Q96: =IF(H96>=100000,"A",IF(H96>=60000,"B","C")) -> C | R96: =IF(P96<3,"0-2 yrs",IF(P96<6,"3-5 yrs",IF(P96<9,"6-8 yrs","9+ yrs"))) -> 9+ yrs | S96: =VLOOKUP(E96,Departments!$A$2:$D$6,3,FALSE) -> Rekha Iyer | T96: =VLOOKUP(E96,Departments!$A$2:$D$6,4,FALSE) -> 5000000 | U96: =YEAR(G96) -> 2015
A97: E1096 | B97: Riya | C97: Brown | D97: Female | E97: Sales | F97: Account Manager | G97: 43942 | H97: 94500 | I97: 0 | J97: Good | K97: Bangalore | L97: Active | M97: 9268017943 | N97: =B97&" "&C97 -> Riya Brown | O97: =SUM(H97:I97) -> 94500 | P97: =DATEDIF(G97,TODAY(),"Y") -> 6 | Q97: =IF(H97>=100000,"A",IF(H97>=60000,"B","C")) -> B | R97: =IF(P97<3,"0-2 yrs",IF(P97<6,"3-5 yrs",IF(P97<9,"6-8 yrs","9+ yrs"))) -> 6-8 yrs | S97: =VLOOKUP(E97,Departments!$A$2:$D$6,3,FALSE) -> Sunita Rao | T97: =VLOOKUP(E97,Departments!$A$2:$D$6,4,FALSE) -> 9000000 | U97: =YEAR(G97) -> 2020
A98: E1097 | B98: Rohan | C98: Das | D98: Male | E98: Sales | F98: Sales Lead | G98: 44308 | H98: 42500 | I98: 0 | J98: Average | K98: Pune | L98: Active | M98: 9589340112 | N98: =B98&" "&C98 -> Rohan Das | O98: =SUM(H98:I98) -> 42500 | P98: =DATEDIF(G98,TODAY(),"Y") -> 5 | Q98: =IF(H98>=100000,"A",IF(H98>=60000,"B","C")) -> C | R98: =IF(P98<3,"0-2 yrs",IF(P98<6,"3-5 yrs",IF(P98<9,"6-8 yrs","9+ yrs"))) -> 3-5 yrs | S98: =VLOOKUP(E98,Departments!$A$2:$D$6,3,FALSE) -> Sunita Rao | T98: =VLOOKUP(E98,Departments!$A$2:$D$6,4,FALSE) -> 9000000 | U98: =YEAR(G98) -> 2021
A99: E1098 | B99: Riya | C99: Taylor | D99: Female | E99: Sales | F99: Account Manager | G99: 43599 | H99: 68000 | I99: 0 | J99: Good | K99: Mumbai | L99: Active | M99: No Phone | N99: =B99&" "&C99 -> Riya Taylor | O99: =SUM(H99:I99) -> 68000 | P99: =DATEDIF(G99,TODAY(),"Y") -> 7 | Q99: =IF(H99>=100000,"A",IF(H99>=60000,"B","C")) -> B | R99: =IF(P99<3,"0-2 yrs",IF(P99<6,"3-5 yrs",IF(P99<9,"6-8 yrs","9+ yrs"))) -> 6-8 yrs | S99: =VLOOKUP(E99,Departments!$A$2:$D$6,3,FALSE) -> Sunita Rao | T99: =VLOOKUP(E99,Departments!$A$2:$D$6,4,FALSE) -> 9000000 | U99: =YEAR(G99) -> 2019
A100: E1099 | B100: Sophia | C100: Reddy | D100: Female | E100: Finance | F100: Financial Analyst | G100: 45359 | H100: 96000 | I100: 4800 | J100: Average | K100: Pune | L100: Active | M100: 9172070263 | N100: =B100&" "&C100 -> Sophia Reddy | O100: =SUM(H100:I100) -> 100800 | P100: =DATEDIF(G100,TODAY(),"Y") -> 2 | Q100: =IF(H100>=100000,"A",IF(H100>=60000,"B","C")) -> B | R100: =IF(P100<3,"0-2 yrs",IF(P100<6,"3-5 yrs",IF(P100<9,"6-8 yrs","9+ yrs"))) -> 0-2 yrs | S100: =VLOOKUP(E100,Departments!$A$2:$D$6,3,FALSE) -> Suresh Menon | T100: =VLOOKUP(E100,Departments!$A$2:$D$6,4,FALSE) -> 8000000 | U100: =YEAR(G100) -> 2024
A101: E1100 | B101: Sneha | C101: Singh | D101: Female | E101: HR | F101: HR Executive | G101: 44094 | H101: 68000 | I101: 0 | J101: Excellent | K101: Chennai | L101: Active | M101: 9436860564 | N101: =B101&" "&C101 -> Sneha Singh | O101: =SUM(H101:I101) -> 68000 | P101: =DATEDIF(G101,TODAY(),"Y") -> 6 | Q101: =IF(H101>=100000,"A",IF(H101>=60000,"B","C")) -> B | R101: =IF(P101<3,"0-2 yrs",IF(P101<6,"3-5 yrs",IF(P101<9,"6-8 yrs","9+ yrs"))) -> 6-8 yrs | S101: =VLOOKUP(E101,Departments!$A$2:$D$6,3,FALSE) -> Rekha Iyer | T101: =VLOOKUP(E101,Departments!$A$2:$D$6,4,FALSE) -> 5000000 | U101: =YEAR(G101) -> 2020

Sheet Departments
A1: Department | B1: Location | C1: Department Head | D1: Annual Budget
A2: Engineering | B2: Bangalore | C2: Anil Kumar | D2: 15000000
A3: Sales | B3: Mumbai | C3: Sunita Rao | D3: 9000000
A4: Marketing | B4: Delhi | C4: David Miller | D4: 7000000
A5: HR | B5: Pune | C5: Rekha Iyer | D5: 5000000
A6: Finance | B6: Chennai | C6: Suresh Menon | D6: 8000000

Sheet Report Summary
A1: HR REPORT SUMMARY
A3: Executive summary
A4: The 100-person workforce is mostly active, with 9% recorded attrition. Engineering has the highest average salary and department attrition; HR has the most Poor performance ratings.
A6: Workforce
A7: Total employees | B7: 100
A8: Active | B8: 90
A9: Resigned | B9: 9
A10: On leave | B10: 1
A11: Overall attrition rate | B11: 0.09
A13: Pay (annual salary assumption)
A14: Total salary payroll | B14: 7046500
A15: Average salary | B15: 70465
A16: Highest department average salary | B16: Engineering — 97,563
A17: Lowest department average salary | B17: HR — 57,625
A18: Average salary by gender | B18: Women: 71,222 | Men: 69,576
A20: Performance
A21: Good / Excellent | B21: 40 / 19
A22: Average / Poor | B22: 29 / 12
A23: Most Poor ratings | B23: HR (5), followed by Marketing (4)
A25: Attrition highlights
A26: Highest department attrition | B26: Engineering — 18.8% (3 of 16)
A27: Next highest | B27: Finance — 15.8%; HR — 12.5%
A28: No resignations recorded | B28: Sales and Marketing
A30: Note: Gender salary averages are descriptive only; no adjustment for role, tenure, or other factors.
